event_id,sponsor_id,amount,created_at,updated_at
1,12328,442.00,2022-07-15 14:40:30,2022-07-18 14:40:30
1,7694,914.56,2022-07-20 14:40:30,2022-07-20 14:40:30
1,15472,172.19,2022-06-18 14:40:30,2022-06-20 14:40:30
1,13729,830.19,2022-06-29 14:40:30,2022-07-02 14:40:30
2,12090,691.23,2022-10-19 14:40:30,2022-10-24 14:40:30
2,5288,951.44,2022-10-03 14:40:30,2022-10-04 14:40:30
2,1852,265.61,2022-10-08 14:40:30,2022-10-11 14:40:30
2,9219,353.59,2022-10-17 14:40:30,2022-10-22 14:40:30
2,15250,568.52,2022-10-27 14:40:30,2022-11-01 14:40:30
3,9134,456.67,2019-06-07 14:40:30,2019-06-09 14:40:30
3,15688,174.67,2019-05-31 14:40:30,2019-05-31 14:40:30
3,13396,949.13,2019-05-28 14:40:30,2019-05-31 14:40:30
3,18049,501.58,2019-06-02 14:40:30,2019-06-03 14:40:30
3,6988,411.99,2019-06-18 14:40:30,2019-06-19 14:40:30
4,4930,736.47,2024-12-02 14:40:30,2024-12-02 14:40:30
4,12206,352.44,2024-11-28 14:40:30,2024-12-01 14:40:30
5,6052,138.41,2018-05-31 14:40:30,2018-06-03 14:40:30
5,181,569.17,2018-05-04 14:40:30,2018-05-07 14:40:30
5,14376,230.06,2018-05-16 14:40:30,2018-05-19 14:40:30
5,13065,341.93,2018-05-15 14:40:30,2018-05-20 14:40:30
6,6416,554.23,2025-04-12 14:40:30,2025-04-13 14:40:30
6,12727,880.34,2025-04-29 14:40:30,2025-05-04 14:40:30
6,8158,144.02,2025-04-19 14:40:30,2025-04-21 14:40:30
6,3841,231.21,2025-03-31 14:40:30,2025-03-31 14:40:30
7,6633,251.04,2016-10-12 14:40:30,2016-10-14 14:40:30
7,7208,249.85,2016-10-31 14:40:30,2016-10-31 14:40:30
7,19712,463.12,2016-10-16 14:40:30,2016-10-20 14:40:30
7,15400,888.79,2016-09-30 14:40:30,2016-10-02 14:40:30
8,15202,852.87,2022-07-23 14:40:30,2022-07-27 14:40:30
8,7458,430.71,2022-07-25 14:40:30,2022-07-27 14:40:30
8,8339,151.72,2022-07-27 14:40:30,2022-07-28 14:40:30
9,17774,111.49,2022-01-16 14:40:30,2022-01-17 14:40:30
9,4195,925.68,2022-02-21 14:40:30,2022-02-21 14:40:30
10,9097,230.02,2023-07-09 14:40:30,2023-07-13 14:40:30
10,12644,415.62,2023-07-02 14:40:30,2023-07-05 14:40:30
10,11079,712.98,2023-07-02 14:40:30,2023-07-05 14:40:30
10,9094,870.09,2023-07-18 14:40:30,2023-07-21 14:40:30
11,18955,929.42,2021-07-28 14:40:30,2021-07-29 14:40:30
11,10349,753.98,2021-08-06 14:40:30,2021-08-07 14:40:30
11,1388,533.81,2021-07-31 14:40:30,2021-08-01 14:40:30
11,2437,512.31,2021-08-07 14:40:30,2021-08-09 14:40:30
12,6665,362.01,2025-03-05 14:40:30,2025-03-10 14:40:30
12,11554,891.04,2025-02-26 14:40:30,2025-03-03 14:40:30
12,5276,126.16,2025-01-27 14:40:30,2025-01-31 14:40:30
12,15210,293.38,2025-02-05 14:40:30,2025-02-08 14:40:30
12,19776,431.05,2025-02-07 14:40:30,2025-02-09 14:40:30
13,8154,502.04,2024-12-01 14:40:30,2024-12-06 14:40:30
13,19893,606.91,2024-11-15 14:40:30,2024-11-19 14:40:30
13,15089,863.04,2024-11-07 14:40:30,2024-11-08 14:40:30
13,5170,718.31,2024-11-20 14:40:30,2024-11-21 14:40:30
14,2983,854.53,2024-08-10 14:40:30,2024-08-14 14:40:30
14,18855,186.42,2024-07-29 14:40:30,2024-08-01 14:40:30
14,8837,871.27,2024-08-08 14:40:30,2024-08-08 14:40:30
14,12984,510.08,2024-07-25 14:40:30,2024-07-25 14:40:30
14,19235,432.21,2024-08-05 14:40:30,2024-08-05 14:40:30
15,485,579.23,2025-03-29 14:40:30,2025-03-31 14:40:30
15,19250,809.15,2025-04-19 14:40:30,2025-04-22 14:40:30
15,1856,516.77,2025-04-25 14:40:30,2025-04-30 14:40:30
16,3582,270.49,2020-09-26 14:40:30,2020-09-26 14:40:30
16,15347,730.96,2020-09-06 14:40:30,2020-09-07 14:40:30
17,18954,105.92,2025-02-28 14:40:30,2025-03-02 14:40:30
17,3385,459.27,2025-03-03 14:40:30,2025-03-07 14:40:30
17,16884,664.48,2025-04-03 14:40:30,2025-04-03 14:40:30
18,1959,454.04,2018-10-24 14:40:30,2018-10-27 14:40:30
18,11330,744.26,2018-10-30 14:40:30,2018-11-04 14:40:30
18,6820,245.33,2018-11-04 14:40:30,2018-11-09 14:40:30
18,14230,216.62,2018-10-22 14:40:30,2018-10-26 14:40:30
19,14865,145.67,2023-09-19 14:40:30,2023-09-19 14:40:30
19,5232,251.45,2023-08-24 14:40:30,2023-08-28 14:40:30
19,2074,704.50,2023-08-25 14:40:30,2023-08-26 14:40:30
19,13061,388.75,2023-09-19 14:40:30,2023-09-20 14:40:30
20,13426,957.86,2024-09-25 14:40:30,2024-09-29 14:40:30
20,7132,460.59,2024-09-28 14:40:30,2024-09-30 14:40:30
20,1554,652.15,2024-10-03 14:40:30,2024-10-07 14:40:30
21,5476,443.55,2022-12-17 14:40:30,2022-12-19 14:40:30
21,16142,362.41,2022-12-14 14:40:30,2022-12-18 14:40:30
21,15574,216.85,2022-12-13 14:40:30,2022-12-14 14:40:30
21,10586,330.34,2022-12-06 14:40:30,2022-12-08 14:40:30
22,10441,228.89,2023-11-28 14:40:30,2023-12-02 14:40:30
22,2597,452.34,2023-11-29 14:40:30,2023-12-01 14:40:30
22,9804,724.00,2023-11-11 14:40:30,2023-11-12 14:40:30
22,14092,748.21,2023-11-13 14:40:30,2023-11-15 14:40:30
22,16749,750.50,2023-11-02 14:40:30,2023-11-03 14:40:30
23,16258,607.96,2018-06-11 14:40:30,2018-06-12 14:40:30
23,14849,496.43,2018-05-06 14:40:30,2018-05-10 14:40:30
23,3883,704.85,2018-05-21 14:40:30,2018-05-26 14:40:30
23,3262,152.29,2018-05-26 14:40:30,2018-05-30 14:40:30
24,15552,578.40,2018-01-10 14:40:30,2018-01-15 14:40:30
24,1542,804.11,2018-01-09 14:40:30,2018-01-14 14:40:30
24,14175,386.73,2018-01-13 14:40:30,2018-01-15 14:40:30
24,11027,181.06,2017-12-10 14:40:30,2017-12-12 14:40:30
24,150,736.56,2017-12-13 14:40:30,2017-12-16 14:40:30
25,2367,734.15,2025-02-02 14:40:30,2025-02-03 14:40:30
25,18175,577.47,2025-01-29 14:40:30,2025-02-03 14:40:30
25,6042,351.80,2025-01-31 14:40:30,2025-02-01 14:40:30
26,2710,352.14,2023-06-24 14:40:30,2023-06-28 14:40:30
26,14006,187.67,2023-06-24 14:40:30,2023-06-25 14:40:30
27,7645,462.31,2016-12-28 14:40:30,2017-01-01 14:40:30
27,7226,405.72,2016-12-20 14:40:30,2016-12-21 14:40:30
27,19435,678.18,2016-12-09 14:40:30,2016-12-11 14:40:30
27,2136,103.24,2016-12-04 14:40:30,2016-12-04 14:40:30
27,4420,544.01,2016-12-17 14:40:30,2016-12-21 14:40:30
28,4757,574.39,2020-07-30 14:40:30,2020-08-02 14:40:30
28,4906,876.64,2020-08-05 14:40:30,2020-08-09 14:40:30
28,14426,554.34,2020-08-10 14:40:30,2020-08-12 14:40:30
28,14278,219.43,2020-07-31 14:40:30,2020-07-31 14:40:30
28,2434,224.91,2020-08-24 14:40:30,2020-08-28 14:40:30
29,13489,470.76,2016-05-24 14:40:30,2016-05-29 14:40:30
29,14614,744.51,2016-04-28 14:40:30,2016-04-28 14:40:30
29,11292,449.10,2016-04-29 14:40:30,2016-05-02 14:40:30
30,8534,202.40,2024-07-27 14:40:30,2024-07-30 14:40:30
30,1710,554.71,2024-07-22 14:40:30,2024-07-22 14:40:30
31,13125,476.11,2024-02-27 14:40:30,2024-02-27 14:40:30
31,15179,857.25,2024-03-07 14:40:30,2024-03-07 14:40:30
31,11006,640.92,2024-02-28 14:40:30,2024-02-29 14:40:30
31,12015,309.21,2024-03-01 14:40:30,2024-03-02 14:40:30
32,14874,354.90,2020-09-14 14:40:30,2020-09-17 14:40:30
32,4931,335.01,2020-09-03 14:40:30,2020-09-06 14:40:30
33,15411,830.80,2024-02-23 14:40:30,2024-02-23 14:40:30
33,15650,903.17,2024-02-16 14:40:30,2024-02-16 14:40:30
33,7448,911.72,2024-02-28 14:40:30,2024-02-28 14:40:30
33,3866,700.84,2024-03-04 14:40:30,2024-03-08 14:40:30
34,14094,589.02,2016-08-29 14:40:30,2016-09-03 14:40:30
34,17722,997.03,2016-09-05 14:40:30,2016-09-05 14:40:30
34,19824,270.24,2016-09-18 14:40:30,2016-09-19 14:40:30
34,19386,992.91,2016-09-14 14:40:30,2016-09-17 14:40:30
34,3530,512.24,2016-09-10 14:40:30,2016-09-15 14:40:30
35,58,240.25,2020-02-13 14:40:30,2020-02-13 14:40:30
35,19470,113.59,2020-02-12 14:40:30,2020-02-16 14:40:30
36,18260,683.30,2018-11-26 14:40:30,2018-11-27 14:40:30
36,6835,710.70,2018-12-24 14:40:30,2018-12-27 14:40:30
36,9214,945.58,2018-12-15 14:40:30,2018-12-15 14:40:30
37,4682,146.62,2024-05-27 14:40:30,2024-05-30 14:40:30
37,10917,938.16,2024-05-13 14:40:30,2024-05-13 14:40:30
37,10046,883.64,2024-05-24 14:40:30,2024-05-28 14:40:30
37,16260,448.42,2024-04-20 14:40:30,2024-04-20 14:40:30
38,720,317.00,2017-06-04 14:40:30,2017-06-08 14:40:30
38,14635,458.09,2017-06-04 14:40:30,2017-06-04 14:40:30
39,8201,720.92,2018-12-30 14:40:30,2019-01-03 14:40:30
39,10833,254.04,2018-12-24 14:40:30,2018-12-27 14:40:30
39,13289,247.07,2018-12-20 14:40:30,2018-12-24 14:40:30
40,13010,613.25,2018-12-19 14:40:30,2018-12-21 14:40:30
40,7681,633.77,2019-01-21 14:40:30,2019-01-21 14:40:30
40,4344,220.05,2018-12-26 14:40:30,2018-12-28 14:40:30
40,7939,635.89,2018-12-27 14:40:30,2019-01-01 14:40:30
41,9061,182.29,2016-09-22 14:40:30,2016-09-26 14:40:30
41,5009,664.34,2016-10-05 14:40:30,2016-10-05 14:40:30
41,16994,252.26,2016-10-19 14:40:30,2016-10-24 14:40:30
42,15155,230.56,2016-10-02 14:40:30,2016-10-07 14:40:30
42,5472,247.74,2016-10-06 14:40:30,2016-10-06 14:40:30
42,55,749.54,2016-10-02 14:40:30,2016-10-04 14:40:30
42,13888,342.10,2016-10-08 14:40:30,2016-10-09 14:40:30
43,17025,396.26,2023-04-06 14:40:30,2023-04-09 14:40:30
43,19212,556.00,2023-04-15 14:40:30,2023-04-19 14:40:30
43,5765,411.74,2023-03-25 14:40:30,2023-03-30 14:40:30
43,8689,839.08,2023-03-25 14:40:30,2023-03-26 14:40:30
43,10173,374.52,2023-03-21 14:40:30,2023-03-23 14:40:30
44,5768,161.11,2017-07-23 14:40:30,2017-07-27 14:40:30
44,2023,993.43,2017-06-24 14:40:30,2017-06-24 14:40:30
44,8750,425.74,2017-06-30 14:40:30,2017-07-02 14:40:30
45,8810,947.75,2020-04-14 14:40:30,2020-04-16 14:40:30
45,6937,532.65,2020-04-13 14:40:30,2020-04-17 14:40:30
46,18111,947.59,2023-04-29 14:40:30,2023-05-01 14:40:30
46,18293,541.57,2023-05-10 14:40:30,2023-05-12 14:40:30
46,12502,255.29,2023-05-20 14:40:30,2023-05-24 14:40:30
47,3620,877.17,2016-09-13 14:40:30,2016-09-13 14:40:30
47,8438,280.01,2016-08-18 14:40:30,2016-08-22 14:40:30
48,5045,135.43,2025-04-16 14:40:30,2025-04-17 14:40:30
48,18544,193.82,2025-04-14 14:40:30,2025-04-18 14:40:30
48,1524,962.33,2025-04-17 14:40:30,2025-04-17 14:40:30
49,3979,763.13,2024-01-23 14:40:30,2024-01-23 14:40:30
49,6466,459.55,2024-01-22 14:40:30,2024-01-23 14:40:30
49,19936,907.35,2024-01-06 14:40:30,2024-01-08 14:40:30
50,18241,764.26,2017-02-26 14:40:30,2017-03-03 14:40:30
50,1480,344.52,2017-03-11 14:40:30,2017-03-13 14:40:30
51,17219,711.93,2022-07-11 14:40:30,2022-07-11 14:40:30
51,14326,555.30,2022-07-14 14:40:30,2022-07-16 14:40:30
52,6116,267.69,2020-06-12 14:40:30,2020-06-16 14:40:30
52,4291,123.96,2020-05-24 14:40:30,2020-05-28 14:40:30
53,36,455.96,2023-09-27 14:40:30,2023-09-29 14:40:30
53,11120,797.00,2023-09-17 14:40:30,2023-09-19 14:40:30
53,12431,668.27,2023-10-11 14:40:30,2023-10-16 14:40:30
53,755,771.44,2023-09-12 14:40:30,2023-09-13 14:40:30
54,10365,454.56,2018-04-29 14:40:30,2018-05-01 14:40:30
54,16996,333.97,2018-04-10 14:40:30,2018-04-12 14:40:30
54,12920,167.47,2018-05-05 14:40:30,2018-05-05 14:40:30
55,17936,881.68,2016-06-29 14:40:30,2016-07-02 14:40:30
55,19669,711.30,2016-06-22 14:40:30,2016-06-22 14:40:30
55,14185,307.22,2016-07-05 14:40:30,2016-07-08 14:40:30
55,12692,778.13,2016-07-01 14:40:30,2016-07-06 14:40:30
56,18645,540.28,2015-09-10 14:40:30,2015-09-12 14:40:30
56,7178,135.88,2015-09-26 14:40:30,2015-09-28 14:40:30
56,7414,946.85,2015-09-24 14:40:30,2015-09-28 14:40:30
57,16100,177.31,2017-03-22 14:40:30,2017-03-23 14:40:30
57,4323,631.94,2017-04-02 14:40:30,2017-04-04 14:40:30
57,14661,259.32,2017-03-13 14:40:30,2017-03-17 14:40:30
57,13277,992.12,2017-04-13 14:40:30,2017-04-14 14:40:30
57,18880,518.21,2017-04-11 14:40:30,2017-04-15 14:40:30
58,8759,641.88,2019-05-06 14:40:30,2019-05-07 14:40:30
58,11316,129.93,2019-06-05 14:40:30,2019-06-08 14:40:30
58,11986,319.48,2019-04-28 14:40:30,2019-04-30 14:40:30
58,658,189.35,2019-05-14 14:40:30,2019-05-16 14:40:30
59,1409,306.32,2024-04-22 14:40:30,2024-04-25 14:40:30
59,1125,306.76,2024-04-10 14:40:30,2024-04-15 14:40:30
59,9878,401.57,2024-04-27 14:40:30,2024-05-02 14:40:30
60,19340,565.15,2024-08-25 14:40:30,2024-08-29 14:40:30
60,5636,585.88,2024-09-17 14:40:30,2024-09-19 14:40:30
60,5171,300.55,2024-09-21 14:40:30,2024-09-26 14:40:30
61,16764,384.03,2016-10-04 14:40:30,2016-10-07 14:40:30
61,9084,477.35,2016-09-02 14:40:30,2016-09-04 14:40:30
61,2894,442.00,2016-09-16 14:40:30,2016-09-16 14:40:30
61,6389,187.45,2016-09-01 14:40:30,2016-09-06 14:40:30
62,12658,394.49,2025-07-14 14:40:30,2025-07-16 14:40:30
62,18148,996.75,2025-07-17 14:40:30,2025-07-22 14:40:30
62,13125,724.33,2025-07-20 14:40:30,2025-07-21 14:40:30
62,3675,641.70,2025-07-29 14:40:30,2025-07-30 14:40:30
63,10428,489.92,2016-07-21 14:40:30,2016-07-21 14:40:30
63,12420,283.13,2016-08-03 14:40:30,2016-08-03 14:40:30
63,14456,343.22,2016-08-04 14:40:30,2016-08-08 14:40:30
64,16380,820.15,2023-08-08 14:40:30,2023-08-12 14:40:30
64,6183,456.92,2023-08-06 14:40:30,2023-08-07 14:40:30
65,1417,114.28,2022-09-29 14:40:30,2022-10-03 14:40:30
65,9780,748.99,2022-10-23 14:40:30,2022-10-24 14:40:30
65,1931,862.49,2022-10-20 14:40:30,2022-10-23 14:40:30
65,14110,534.32,2022-10-16 14:40:30,2022-10-20 14:40:30
65,2164,392.27,2022-10-16 14:40:30,2022-10-18 14:40:30
66,15855,500.76,2022-12-10 14:40:30,2022-12-11 14:40:30
66,19862,434.19,2022-12-12 14:40:30,2022-12-12 14:40:30
66,6196,469.58,2022-12-02 14:40:30,2022-12-02 14:40:30
66,19385,992.74,2022-11-23 14:40:30,2022-11-25 14:40:30
67,14022,122.69,2024-11-01 14:40:30,2024-11-01 14:40:30
67,11542,527.18,2024-09-29 14:40:30,2024-10-01 14:40:30
67,19567,374.16,2024-10-13 14:40:30,2024-10-18 14:40:30
68,16581,494.70,2021-07-22 14:40:30,2021-07-26 14:40:30
68,19651,497.89,2021-08-03 14:40:30,2021-08-07 14:40:30
69,19418,170.13,2022-06-03 14:40:30,2022-06-04 14:40:30
69,19991,546.96,2022-06-01 14:40:30,2022-06-05 14:40:30
69,12473,834.82,2022-06-01 14:40:30,2022-06-04 14:40:30
70,12362,520.42,2020-11-01 14:40:30,2020-11-02 14:40:30
70,5070,362.08,2020-12-06 14:40:30,2020-12-10 14:40:30
70,8751,533.56,2020-11-08 14:40:30,2020-11-08 14:40:30
70,5641,560.27,2020-12-02 14:40:30,2020-12-07 14:40:30
71,14493,340.70,2021-11-29 14:40:30,2021-12-04 14:40:30
71,19683,851.93,2021-12-06 14:40:30,2021-12-08 14:40:30
71,7151,173.41,2021-11-20 14:40:30,2021-11-20 14:40:30
72,11513,143.70,2020-06-23 14:40:30,2020-06-26 14:40:30
72,6449,551.34,2020-06-18 14:40:30,2020-06-18 14:40:30
72,7656,320.24,2020-07-05 14:40:30,2020-07-08 14:40:30
72,13473,132.06,2020-06-04 14:40:30,2020-06-06 14:40:30
72,6616,716.46,2020-07-12 14:40:30,2020-07-13 14:40:30
73,18283,772.52,2018-03-31 14:40:30,2018-03-31 14:40:30
73,18935,363.51,2018-04-14 14:40:30,2018-04-14 14:40:30
73,4094,311.12,2018-04-03 14:40:30,2018-04-08 14:40:30
74,17866,457.28,2024-11-24 14:40:30,2024-11-29 14:40:30
74,113,411.69,2024-12-09 14:40:30,2024-12-09 14:40:30
74,1743,240.81,2024-12-22 14:40:30,2024-12-25 14:40:30
74,10805,292.07,2024-11-25 14:40:30,2024-11-26 14:40:30
75,14938,125.23,2018-12-17 14:40:30,2018-12-19 14:40:30
75,8883,498.77,2018-12-12 14:40:30,2018-12-15 14:40:30
76,13216,977.80,2024-03-27 14:40:30,2024-03-28 14:40:30
76,16219,930.93,2024-03-25 14:40:30,2024-03-30 14:40:30
77,10165,961.54,2022-02-11 14:40:30,2022-02-16 14:40:30
77,16445,671.09,2022-02-07 14:40:30,2022-02-08 14:40:30
77,10089,320.75,2022-03-09 14:40:30,2022-03-11 14:40:30
77,3760,803.85,2022-02-08 14:40:30,2022-02-13 14:40:30
78,18282,408.51,2020-05-23 14:40:30,2020-05-27 14:40:30
78,16879,233.53,2020-06-08 14:40:30,2020-06-08 14:40:30
78,3751,862.28,2020-06-24 14:40:30,2020-06-24 14:40:30
78,3224,540.71,2020-06-09 14:40:30,2020-06-12 14:40:30
78,4057,497.83,2020-06-06 14:40:30,2020-06-06 14:40:30
79,8009,222.81,2017-08-02 14:40:30,2017-08-07 14:40:30
79,11441,767.99,2017-07-09 14:40:30,2017-07-09 14:40:30
79,19976,145.35,2017-07-23 14:40:30,2017-07-25 14:40:30
79,5681,766.43,2017-07-16 14:40:30,2017-07-21 14:40:30
79,15211,723.95,2017-08-11 14:40:30,2017-08-11 14:40:30
80,16439,645.85,2016-08-27 14:40:30,2016-08-30 14:40:30
80,51,887.75,2016-08-13 14:40:30,2016-08-16 14:40:30
80,19536,238.33,2016-08-28 14:40:30,2016-08-28 14:40:30
81,2986,886.67,2024-06-12 14:40:30,2024-06-15 14:40:30
81,18837,663.35,2024-06-24 14:40:30,2024-06-24 14:40:30
81,6289,449.96,2024-06-10 14:40:30,2024-06-15 14:40:30
81,2484,929.44,2024-06-17 14:40:30,2024-06-18 14:40:30
81,10983,474.62,2024-07-05 14:40:30,2024-07-09 14:40:30
82,5988,952.94,2023-03-19 14:40:30,2023-03-20 14:40:30
82,15904,685.13,2023-03-21 14:40:30,2023-03-25 14:40:30
82,9344,121.78,2023-04-10 14:40:30,2023-04-11 14:40:30
82,7054,347.20,2023-03-14 14:40:30,2023-03-16 14:40:30
82,11657,312.96,2023-04-12 14:40:30,2023-04-13 14:40:30
83,16179,319.65,2015-10-04 14:40:30,2015-10-07 14:40:30
83,16830,668.13,2015-10-11 14:40:30,2015-10-13 14:40:30
84,4644,660.22,2019-01-14 14:40:30,2019-01-14 14:40:30
84,3096,122.43,2019-01-16 14:40:30,2019-01-16 14:40:30
84,904,735.76,2019-01-03 14:40:30,2019-01-06 14:40:30
84,2614,100.63,2019-01-06 14:40:30,2019-01-08 14:40:30
84,8854,855.15,2018-12-10 14:40:30,2018-12-14 14:40:30
85,3578,147.18,2017-03-07 14:40:30,2017-03-12 14:40:30
85,6325,806.17,2017-01-28 14:40:30,2017-01-29 14:40:30
85,12367,575.11,2017-02-05 14:40:30,2017-02-07 14:40:30
85,3214,135.30,2017-03-05 14:40:30,2017-03-07 14:40:30
86,10579,656.79,2023-01-31 14:40:30,2023-02-02 14:40:30
86,16873,949.05,2023-01-23 14:40:30,2023-01-27 14:40:30
87,10452,764.40,2021-02-21 14:40:30,2021-02-23 14:40:30
87,2028,827.07,2021-01-25 14:40:30,2021-01-27 14:40:30
87,13439,219.58,2021-02-14 14:40:30,2021-02-17 14:40:30
87,6834,639.45,2021-02-15 14:40:30,2021-02-16 14:40:30
87,16148,824.37,2021-01-16 14:40:30,2021-01-19 14:40:30
88,9120,961.54,2020-09-16 14:40:30,2020-09-19 14:40:30
88,7648,281.43,2020-09-19 14:40:30,2020-09-19 14:40:30
88,14299,335.81,2020-09-05 14:40:30,2020-09-05 14:40:30
88,5704,311.02,2020-10-05 14:40:30,2020-10-06 14:40:30
89,4545,425.65,2020-02-15 14:40:30,2020-02-19 14:40:30
89,7396,502.85,2020-03-16 14:40:30,2020-03-19 14:40:30
89,7045,310.40,2020-03-04 14:40:30,2020-03-09 14:40:30
89,12092,982.62,2020-02-25 14:40:30,2020-02-27 14:40:30
90,10559,277.36,2023-01-20 14:40:30,2023-01-22 14:40:30
90,11782,684.67,2023-01-31 14:40:30,2023-02-03 14:40:30
91,2693,612.16,2024-10-24 14:40:30,2024-10-28 14:40:30
91,1868,680.89,2024-10-14 14:40:30,2024-10-16 14:40:30
91,9216,775.22,2024-10-26 14:40:30,2024-10-28 14:40:30
91,9645,945.00,2024-10-11 14:40:30,2024-10-15 14:40:30
91,14853,145.67,2024-11-08 14:40:30,2024-11-13 14:40:30
92,12594,395.92,2017-07-03 14:40:30,2017-07-06 14:40:30
92,19731,109.22,2017-07-21 14:40:30,2017-07-26 14:40:30
92,1019,846.02,2017-07-16 14:40:30,2017-07-18 14:40:30
92,4060,517.42,2017-07-24 14:40:30,2017-07-26 14:40:30
92,5289,878.89,2017-08-02 14:40:30,2017-08-06 14:40:30
93,14863,632.42,2017-10-11 14:40:30,2017-10-15 14:40:30
93,19020,892.13,2017-10-06 14:40:30,2017-10-10 14:40:30
93,15196,869.22,2017-09-30 14:40:30,2017-09-30 14:40:30
93,16670,652.96,2017-10-21 14:40:30,2017-10-22 14:40:30
93,15212,336.39,2017-09-22 14:40:30,2017-09-24 14:40:30
94,9450,387.59,2024-07-09 14:40:30,2024-07-10 14:40:30
94,18805,252.29,2024-08-10 14:40:30,2024-08-10 14:40:30
94,6810,620.03,2024-07-23 14:40:30,2024-07-23 14:40:30
95,7727,969.93,2017-01-16 14:40:30,2017-01-20 14:40:30
95,13080,279.09,2017-01-06 14:40:30,2017-01-10 14:40:30
95,14752,622.73,2016-12-20 14:40:30,2016-12-23 14:40:30
95,6672,117.01,2017-01-27 14:40:30,2017-01-27 14:40:30
95,14358,843.19,2016-12-19 14:40:30,2016-12-21 14:40:30
96,5663,201.39,2019-08-25 14:40:30,2019-08-29 14:40:30
96,8726,142.65,2019-08-20 14:40:30,2019-08-25 14:40:30
97,15349,454.83,2016-01-15 14:40:30,2016-01-19 14:40:30
97,17138,850.35,2015-12-25 14:40:30,2015-12-26 14:40:30
97,8068,322.21,2016-01-17 14:40:30,2016-01-19 14:40:30
97,4019,237.82,2016-01-13 14:40:30,2016-01-15 14:40:30
98,4358,483.62,2020-02-04 14:40:30,2020-02-09 14:40:30
98,17051,244.35,2020-02-05 14:40:30,2020-02-06 14:40:30
98,1464,324.50,2020-02-13 14:40:30,2020-02-14 14:40:30
99,3347,928.44,2019-05-26 14:40:30,2019-05-26 14:40:30
99,9063,489.88,2019-06-12 14:40:30,2019-06-16 14:40:30
99,19984,896.17,2019-05-30 14:40:30,2019-05-31 14:40:30
100,786,590.90,2022-03-26 14:40:30,2022-03-30 14:40:30
100,15143,534.43,2022-03-13 14:40:30,2022-03-13 14:40:30
101,5489,846.95,2024-09-18 14:40:30,2024-09-23 14:40:30
101,3122,400.55,2024-09-16 14:40:30,2024-09-16 14:40:30
101,9188,652.03,2024-09-03 14:40:30,2024-09-04 14:40:30
102,13890,813.35,2025-09-15 14:40:30,2025-09-16 14:40:30
102,16377,953.85,2025-08-30 14:40:30,2025-09-01 14:40:30
103,6147,381.47,2016-10-08 14:40:30,2016-10-09 14:40:30
103,5600,991.39,2016-10-08 14:40:30,2016-10-08 14:40:30
104,19305,330.54,2021-03-07 14:40:30,2021-03-12 14:40:30
104,17304,828.68,2021-03-18 14:40:30,2021-03-21 14:40:30
105,17603,743.08,2023-11-14 14:40:30,2023-11-15 14:40:30
105,4800,395.81,2023-11-20 14:40:30,2023-11-23 14:40:30
105,17406,214.11,2023-12-10 14:40:30,2023-12-13 14:40:30
106,18887,828.07,2017-01-04 14:40:30,2017-01-04 14:40:30
106,12336,945.44,2016-12-20 14:40:30,2016-12-25 14:40:30
106,10581,849.91,2016-12-11 14:40:30,2016-12-13 14:40:30
107,3807,444.44,2019-02-23 14:40:30,2019-02-25 14:40:30
107,13180,771.34,2019-03-07 14:40:30,2019-03-12 14:40:30
107,11989,586.73,2019-02-15 14:40:30,2019-02-18 14:40:30
107,16559,704.66,2019-02-20 14:40:30,2019-02-24 14:40:30
108,10006,272.89,2021-02-06 14:40:30,2021-02-08 14:40:30
108,8272,836.95,2021-03-09 14:40:30,2021-03-12 14:40:30
109,7278,377.24,2024-03-27 14:40:30,2024-03-31 14:40:30
109,13099,111.52,2024-04-12 14:40:30,2024-04-14 14:40:30
109,9964,664.51,2024-03-29 14:40:30,2024-03-31 14:40:30
109,15049,606.86,2024-04-21 14:40:30,2024-04-26 14:40:30
109,13796,260.59,2024-03-25 14:40:30,2024-03-26 14:40:30
110,8247,287.48,2023-01-11 14:40:30,2023-01-12 14:40:30
110,2677,104.13,2023-01-11 14:40:30,2023-01-11 14:40:30
110,19374,703.68,2023-02-05 14:40:30,2023-02-05 14:40:30
110,1239,188.36,2023-02-14 14:40:30,2023-02-18 14:40:30
110,19894,400.24,2023-01-17 14:40:30,2023-01-20 14:40:30
111,17082,353.45,2015-10-21 14:40:30,2015-10-21 14:40:30
111,3172,905.52,2015-10-17 14:40:30,2015-10-20 14:40:30
111,14186,950.64,2015-10-21 14:40:30,2015-10-26 14:40:30
111,16656,251.14,2015-10-26 14:40:30,2015-10-26 14:40:30
111,13568,429.86,2015-11-06 14:40:30,2015-11-10 14:40:30
112,9929,202.92,2024-03-21 14:40:30,2024-03-22 14:40:30
112,4141,810.64,2024-03-20 14:40:30,2024-03-22 14:40:30
112,6619,366.66,2024-03-12 14:40:30,2024-03-16 14:40:30
112,4540,986.56,2024-03-06 14:40:30,2024-03-07 14:40:30
112,17816,801.93,2024-03-20 14:40:30,2024-03-21 14:40:30
113,12409,520.76,2020-09-12 14:40:30,2020-09-12 14:40:30
113,10119,705.13,2020-10-06 14:40:30,2020-10-06 14:40:30
113,19917,368.35,2020-09-15 14:40:30,2020-09-18 14:40:30
114,16816,835.74,2017-07-01 14:40:30,2017-07-01 14:40:30
114,3434,729.94,2017-07-30 14:40:30,2017-08-01 14:40:30
115,18162,561.99,2023-01-17 14:40:30,2023-01-21 14:40:30
115,2236,482.88,2022-12-25 14:40:30,2022-12-29 14:40:30
116,6812,966.99,2023-12-15 14:40:30,2023-12-18 14:40:30
116,11716,589.18,2024-01-04 14:40:30,2024-01-07 14:40:30
117,7402,758.88,2023-03-15 14:40:30,2023-03-19 14:40:30
117,6907,692.60,2023-03-05 14:40:30,2023-03-10 14:40:30
117,14290,471.66,2023-02-18 14:40:30,2023-02-18 14:40:30
117,11229,634.41,2023-02-14 14:40:30,2023-02-14 14:40:30
118,5275,940.62,2022-08-17 14:40:30,2022-08-21 14:40:30
118,15891,493.50,2022-07-23 14:40:30,2022-07-28 14:40:30
118,9611,538.52,2022-07-09 14:40:30,2022-07-14 14:40:30
118,15418,740.97,2022-07-27 14:40:30,2022-07-31 14:40:30
119,4315,965.16,2018-08-10 14:40:30,2018-08-14 14:40:30
119,17695,152.83,2018-08-05 14:40:30,2018-08-07 14:40:30
119,4845,539.95,2018-07-18 14:40:30,2018-07-20 14:40:30
120,1093,179.27,2017-02-01 14:40:30,2017-02-01 14:40:30
120,9348,561.59,2017-01-19 14:40:30,2017-01-21 14:40:30
120,18820,536.70,2017-01-30 14:40:30,2017-01-30 14:40:30
121,8283,880.15,2020-04-27 14:40:30,2020-04-28 14:40:30
121,2735,879.05,2020-04-25 14:40:30,2020-04-26 14:40:30
121,1334,512.25,2020-05-09 14:40:30,2020-05-11 14:40:30
121,8761,601.84,2020-05-12 14:40:30,2020-05-13 14:40:30
122,11562,733.39,2020-05-11 14:40:30,2020-05-15 14:40:30
122,9252,502.57,2020-05-08 14:40:30,2020-05-09 14:40:30
122,10957,534.43,2020-05-09 14:40:30,2020-05-13 14:40:30
122,7449,890.87,2020-04-20 14:40:30,2020-04-21 14:40:30
123,4707,789.21,2015-11-21 14:40:30,2015-11-25 14:40:30
123,12062,415.55,2015-12-04 14:40:30,2015-12-05 14:40:30
124,5179,990.27,2025-05-02 14:40:30,2025-05-05 14:40:30
124,10730,405.55,2025-04-05 14:40:30,2025-04-07 14:40:30
124,11716,761.38,2025-04-06 14:40:30,2025-04-08 14:40:30
125,4641,246.68,2025-06-18 14:40:30,2025-06-21 14:40:30
125,66,999.38,2025-06-04 14:40:30,2025-06-06 14:40:30
125,19743,918.76,2025-05-30 14:40:30,2025-06-01 14:40:30
125,13778,882.66,2025-06-02 14:40:30,2025-06-07 14:40:30
126,12026,863.66,2021-07-20 14:40:30,2021-07-23 14:40:30
126,19196,475.10,2021-07-11 14:40:30,2021-07-14 14:40:30
127,18582,931.63,2024-12-14 14:40:30,2024-12-19 14:40:30
127,13753,549.78,2024-12-16 14:40:30,2024-12-17 14:40:30
128,5051,695.15,2022-07-08 14:40:30,2022-07-09 14:40:30
128,11581,329.77,2022-07-16 14:40:30,2022-07-18 14:40:30
128,16396,223.33,2022-08-02 14:40:30,2022-08-06 14:40:30
128,10019,188.32,2022-07-26 14:40:30,2022-07-27 14:40:30
128,4330,360.32,2022-07-15 14:40:30,2022-07-15 14:40:30
129,8776,235.20,2023-12-06 14:40:30,2023-12-07 14:40:30
129,16347,977.03,2023-12-16 14:40:30,2023-12-20 14:40:30
130,492,634.81,2022-10-01 14:40:30,2022-10-01 14:40:30
130,10200,582.40,2022-09-02 14:40:30,2022-09-04 14:40:30
130,10496,154.36,2022-09-14 14:40:30,2022-09-19 14:40:30
131,17446,942.65,2019-01-20 14:40:30,2019-01-24 14:40:30
131,3119,402.31,2019-01-25 14:40:30,2019-01-27 14:40:30
131,8040,570.46,2019-02-13 14:40:30,2019-02-14 14:40:30
131,8775,297.41,2019-02-20 14:40:30,2019-02-22 14:40:30
131,12667,515.21,2019-02-23 14:40:30,2019-02-25 14:40:30
132,906,317.80,2020-10-06 14:40:30,2020-10-10 14:40:30
132,2977,618.33,2020-09-19 14:40:30,2020-09-24 14:40:30
132,13342,869.03,2020-09-15 14:40:30,2020-09-18 14:40:30
133,7225,515.84,2025-07-12 14:40:30,2025-07-13 14:40:30
133,17618,591.75,2025-07-28 14:40:30,2025-07-31 14:40:30
133,2921,530.58,2025-07-21 14:40:30,2025-07-25 14:40:30
133,12959,720.40,2025-07-11 14:40:30,2025-07-11 14:40:30
134,1989,782.60,2022-01-28 14:40:30,2022-01-31 14:40:30
134,14973,187.82,2022-01-27 14:40:30,2022-01-30 14:40:30
135,6275,832.01,2017-07-15 14:40:30,2017-07-16 14:40:30
135,9326,745.74,2017-07-26 14:40:30,2017-07-30 14:40:30
136,19820,209.16,2018-05-18 14:40:30,2018-05-21 14:40:30
136,11678,893.13,2018-05-14 14:40:30,2018-05-16 14:40:30
136,13597,650.37,2018-05-09 14:40:30,2018-05-13 14:40:30
137,17823,116.41,2019-11-03 14:40:30,2019-11-05 14:40:30
137,6672,299.04,2019-11-03 14:40:30,2019-11-07 14:40:30
137,7263,967.25,2019-11-18 14:40:30,2019-11-19 14:40:30
137,18759,397.11,2019-10-28 14:40:30,2019-10-29 14:40:30
138,13459,897.55,2022-09-17 14:40:30,2022-09-19 14:40:30
138,14337,766.82,2022-09-18 14:40:30,2022-09-20 14:40:30
138,16485,503.57,2022-10-03 14:40:30,2022-10-06 14:40:30
139,15565,985.78,2018-08-20 14:40:30,2018-08-25 14:40:30
139,3672,595.89,2018-08-19 14:40:30,2018-08-19 14:40:30
139,14251,186.19,2018-08-22 14:40:30,2018-08-26 14:40:30
139,11218,408.26,2018-08-24 14:40:30,2018-08-27 14:40:30
140,4226,500.05,2023-01-11 14:40:30,2023-01-15 14:40:30
140,4064,434.10,2022-12-30 14:40:30,2022-12-30 14:40:30
140,10834,583.58,2022-12-16 14:40:30,2022-12-16 14:40:30
140,14162,721.22,2023-01-02 14:40:30,2023-01-04 14:40:30
141,4123,107.98,2024-07-21 14:40:30,2024-07-21 14:40:30
141,19794,374.50,2024-07-04 14:40:30,2024-07-06 14:40:30
141,5618,234.09,2024-07-12 14:40:30,2024-07-15 14:40:30
141,12434,471.04,2024-07-02 14:40:30,2024-07-06 14:40:30
141,8595,970.87,2024-07-31 14:40:30,2024-08-01 14:40:30
142,5498,163.40,2019-12-30 14:40:30,2020-01-04 14:40:30
142,5700,509.28,2019-12-27 14:40:30,2019-12-30 14:40:30
142,13916,124.08,2019-12-27 14:40:30,2020-01-01 14:40:30
143,4144,194.77,2021-04-07 14:40:30,2021-04-07 14:40:30
143,4999,959.43,2021-03-16 14:40:30,2021-03-16 14:40:30
143,11261,603.86,2021-03-10 14:40:30,2021-03-15 14:40:30
143,8575,229.95,2021-03-28 14:40:30,2021-03-30 14:40:30
144,8088,406.46,2024-08-22 14:40:30,2024-08-22 14:40:30
144,2349,658.48,2024-08-21 14:40:30,2024-08-21 14:40:30
144,19873,742.63,2024-09-05 14:40:30,2024-09-09 14:40:30
145,6114,167.43,2019-08-08 14:40:30,2019-08-08 14:40:30
145,14078,817.82,2019-08-17 14:40:30,2019-08-20 14:40:30
145,11106,507.26,2019-08-14 14:40:30,2019-08-14 14:40:30
145,16429,429.31,2019-07-24 14:40:30,2019-07-24 14:40:30
146,7595,193.22,2023-07-05 14:40:30,2023-07-09 14:40:30
146,809,671.16,2023-07-26 14:40:30,2023-07-30 14:40:30
146,857,406.18,2023-08-01 14:40:30,2023-08-01 14:40:30
146,8728,459.34,2023-07-08 14:40:30,2023-07-11 14:40:30
147,8899,286.04,2023-10-18 14:40:30,2023-10-18 14:40:30
147,18583,993.50,2023-10-23 14:40:30,2023-10-26 14:40:30
147,16116,734.95,2023-10-07 14:40:30,2023-10-07 14:40:30
147,12500,169.31,2023-09-30 14:40:30,2023-10-03 14:40:30
147,1615,869.90,2023-10-25 14:40:30,2023-10-30 14:40:30
148,3847,214.02,2018-04-26 14:40:30,2018-04-26 14:40:30
148,14489,889.48,2018-05-23 14:40:30,2018-05-25 14:40:30
149,6743,331.43,2024-05-12 14:40:30,2024-05-13 14:40:30
149,1567,822.01,2024-05-11 14:40:30,2024-05-11 14:40:30
149,14364,679.62,2024-05-16 14:40:30,2024-05-21 14:40:30
149,3296,976.40,2024-04-12 14:40:30,2024-04-15 14:40:30
149,7594,730.81,2024-05-02 14:40:30,2024-05-05 14:40:30
150,5637,875.88,2024-11-10 14:40:30,2024-11-11 14:40:30
150,1383,129.09,2024-12-03 14:40:30,2024-12-03 14:40:30
150,12257,382.52,2024-12-03 14:40:30,2024-12-03 14:40:30
150,19366,176.45,2024-12-09 14:40:30,2024-12-12 14:40:30
150,6387,411.82,2024-12-06 14:40:30,2024-12-07 14:40:30
151,8777,550.42,2020-12-31 14:40:30,2021-01-04 14:40:30
151,9753,791.96,2021-01-19 14:40:30,2021-01-19 14:40:30
152,3465,332.69,2024-05-20 14:40:30,2024-05-20 14:40:30
152,11252,674.07,2024-05-17 14:40:30,2024-05-22 14:40:30
153,10908,503.58,2018-01-08 14:40:30,2018-01-08 14:40:30
153,11003,270.33,2018-01-24 14:40:30,2018-01-25 14:40:30
154,9815,434.90,2021-04-21 14:40:30,2021-04-24 14:40:30
154,14180,951.17,2021-03-18 14:40:30,2021-03-22 14:40:30
155,2047,813.98,2019-05-15 14:40:30,2019-05-17 14:40:30
155,10319,455.83,2019-05-17 14:40:30,2019-05-21 14:40:30
155,5630,566.56,2019-06-01 14:40:30,2019-06-06 14:40:30
155,6099,223.26,2019-05-17 14:40:30,2019-05-20 14:40:30
156,11296,997.72,2018-10-18 14:40:30,2018-10-18 14:40:30
156,6739,165.34,2018-10-24 14:40:30,2018-10-26 14:40:30
156,10188,950.97,2018-10-28 14:40:30,2018-10-31 14:40:30
156,1915,146.80,2018-09-28 14:40:30,2018-10-02 14:40:30
156,16443,660.83,2018-10-21 14:40:30,2018-10-21 14:40:30
157,14459,622.39,2015-12-21 14:40:30,2015-12-26 14:40:30
157,3138,186.25,2015-12-02 14:40:30,2015-12-02 14:40:30
158,8121,388.95,2024-06-02 14:40:30,2024-06-07 14:40:30
158,12768,295.84,2024-05-15 14:40:30,2024-05-19 14:40:30
158,9490,822.07,2024-06-07 14:40:30,2024-06-07 14:40:30
158,11121,554.10,2024-05-23 14:40:30,2024-05-23 14:40:30
159,7013,307.52,2022-10-09 14:40:30,2022-10-09 14:40:30
159,4070,825.41,2022-09-09 14:40:30,2022-09-14 14:40:30
159,4241,143.31,2022-09-26 14:40:30,2022-09-26 14:40:30
159,15136,339.28,2022-10-16 14:40:30,2022-10-19 14:40:30
159,9732,293.72,2022-09-10 14:40:30,2022-09-10 14:40:30
160,8759,568.33,2021-03-29 14:40:30,2021-03-31 14:40:30
160,18042,449.60,2021-04-25 14:40:30,2021-04-25 14:40:30
161,6551,286.31,2022-07-09 14:40:30,2022-07-10 14:40:30
161,2012,915.03,2022-07-09 14:40:30,2022-07-11 14:40:30
162,5645,994.06,2019-12-02 14:40:30,2019-12-04 14:40:30
162,1534,202.20,2019-11-08 14:40:30,2019-11-09 14:40:30
163,17055,713.96,2025-05-25 14:40:30,2025-05-30 14:40:30
163,8727,914.01,2025-05-07 14:40:30,2025-05-08 14:40:30
163,5270,148.45,2025-04-21 14:40:30,2025-04-25 14:40:30
164,4100,123.67,2015-11-03 14:40:30,2015-11-07 14:40:30
164,12542,974.77,2015-10-17 14:40:30,2015-10-20 14:40:30
164,19793,389.31,2015-10-25 14:40:30,2015-10-29 14:40:30
164,4422,203.15,2015-10-28 14:40:30,2015-11-02 14:40:30
165,9642,817.88,2022-03-05 14:40:30,2022-03-10 14:40:30
165,16731,428.98,2022-02-18 14:40:30,2022-02-23 14:40:30
166,12136,524.52,2022-12-29 14:40:30,2023-01-03 14:40:30
166,15325,979.36,2022-12-05 14:40:30,2022-12-05 14:40:30
166,2256,991.88,2022-12-21 14:40:30,2022-12-24 14:40:30
167,2166,424.80,2017-05-29 14:40:30,2017-06-01 14:40:30
167,9853,627.53,2017-04-26 14:40:30,2017-04-28 14:40:30
167,9556,773.31,2017-05-28 14:40:30,2017-06-02 14:40:30
168,9383,371.85,2016-03-21 14:40:30,2016-03-25 14:40:30
168,77,458.62,2016-04-08 14:40:30,2016-04-13 14:40:30
169,1322,419.08,2021-08-28 14:40:30,2021-08-29 14:40:30
169,1990,417.57,2021-08-20 14:40:30,2021-08-20 14:40:30
169,12437,252.47,2021-09-09 14:40:30,2021-09-10 14:40:30
169,5298,781.62,2021-09-12 14:40:30,2021-09-16 14:40:30
170,8409,594.07,2024-07-29 14:40:30,2024-07-30 14:40:30
170,6515,552.04,2024-08-17 14:40:30,2024-08-21 14:40:30
170,5452,767.02,2024-07-27 14:40:30,2024-07-29 14:40:30
170,15388,423.85,2024-08-16 14:40:30,2024-08-20 14:40:30
170,17953,726.71,2024-07-24 14:40:30,2024-07-28 14:40:30
171,18108,442.47,2019-09-27 14:40:30,2019-10-02 14:40:30
171,8826,367.14,2019-10-05 14:40:30,2019-10-09 14:40:30
172,19787,104.57,2021-02-14 14:40:30,2021-02-18 14:40:30
172,17465,466.91,2021-01-22 14:40:30,2021-01-26 14:40:30
172,8331,640.42,2021-02-15 14:40:30,2021-02-19 14:40:30
172,4057,151.87,2021-02-13 14:40:30,2021-02-18 14:40:30
173,14333,456.13,2020-08-05 14:40:30,2020-08-09 14:40:30
173,13893,419.62,2020-08-10 14:40:30,2020-08-14 14:40:30
173,7440,788.97,2020-07-16 14:40:30,2020-07-19 14:40:30
173,5413,429.72,2020-07-26 14:40:30,2020-07-29 14:40:30
173,1344,853.72,2020-07-30 14:40:30,2020-08-03 14:40:30
174,12400,425.74,2023-02-25 14:40:30,2023-03-01 14:40:30
174,7897,100.78,2023-02-10 14:40:30,2023-02-15 14:40:30
174,10348,699.21,2023-02-22 14:40:30,2023-02-25 14:40:30
175,12327,121.89,2020-08-02 14:40:30,2020-08-05 14:40:30
175,2989,161.97,2020-08-18 14:40:30,2020-08-18 14:40:30
175,303,440.13,2020-07-28 14:40:30,2020-07-31 14:40:30
176,16451,742.51,2023-01-21 14:40:30,2023-01-23 14:40:30
176,15630,961.44,2023-01-25 14:40:30,2023-01-26 14:40:30
176,10936,714.09,2022-12-22 14:40:30,2022-12-24 14:40:30
177,6366,775.13,2017-02-22 14:40:30,2017-02-27 14:40:30
177,19476,384.57,2017-02-21 14:40:30,2017-02-26 14:40:30
177,13661,765.52,2017-02-25 14:40:30,2017-02-27 14:40:30
177,9229,879.43,2017-02-25 14:40:30,2017-02-25 14:40:30
178,19530,359.24,2019-10-05 14:40:30,2019-10-10 14:40:30
178,8043,449.48,2019-10-01 14:40:30,2019-10-04 14:40:30
179,8513,255.65,2020-10-31 14:40:30,2020-11-05 14:40:30
179,4261,689.86,2020-10-21 14:40:30,2020-10-21 14:40:30
179,18347,749.00,2020-10-27 14:40:30,2020-10-27 14:40:30
179,16466,673.06,2020-10-06 14:40:30,2020-10-10 14:40:30
180,428,130.67,2022-12-26 14:40:30,2022-12-26 14:40:30
180,13065,143.67,2022-12-16 14:40:30,2022-12-21 14:40:30
181,8201,266.80,2019-11-05 14:40:30,2019-11-07 14:40:30
181,6708,507.94,2019-11-08 14:40:30,2019-11-10 14:40:30
181,8050,841.80,2019-11-20 14:40:30,2019-11-25 14:40:30
181,2924,364.96,2019-10-15 14:40:30,2019-10-19 14:40:30
181,6212,804.28,2019-11-17 14:40:30,2019-11-21 14:40:30
182,10184,689.17,2018-10-07 14:40:30,2018-10-09 14:40:30
182,16102,355.85,2018-10-15 14:40:30,2018-10-20 14:40:30
182,19805,304.22,2018-09-26 14:40:30,2018-09-26 14:40:30
182,5660,274.93,2018-10-07 14:40:30,2018-10-07 14:40:30
183,11470,188.32,2023-08-01 14:40:30,2023-08-04 14:40:30
183,2597,336.70,2023-07-26 14:40:30,2023-07-31 14:40:30
183,19367,192.68,2023-08-07 14:40:30,2023-08-08 14:40:30
184,17079,695.38,2021-10-06 14:40:30,2021-10-07 14:40:30
184,5787,124.76,2021-10-22 14:40:30,2021-10-23 14:40:30
184,6820,473.08,2021-10-02 14:40:30,2021-10-06 14:40:30
184,17289,217.98,2021-10-12 14:40:30,2021-10-14 14:40:30
185,8007,379.85,2018-04-18 14:40:30,2018-04-20 14:40:30
185,19994,823.70,2018-05-12 14:40:30,2018-05-16 14:40:30
185,7179,512.71,2018-04-09 14:40:30,2018-04-09 14:40:30
186,52,732.20,2021-09-27 14:40:30,2021-10-02 14:40:30
186,15187,998.88,2021-08-26 14:40:30,2021-08-30 14:40:30
186,7798,952.19,2021-09-23 14:40:30,2021-09-23 14:40:30
186,18326,316.58,2021-09-02 14:40:30,2021-09-05 14:40:30
187,15906,566.33,2019-02-16 14:40:30,2019-02-20 14:40:30
187,18516,487.10,2019-01-12 14:40:30,2019-01-15 14:40:30
187,2437,167.26,2019-01-30 14:40:30,2019-02-02 14:40:30
187,10101,188.86,2019-01-23 14:40:30,2019-01-24 14:40:30
188,18120,973.68,2020-01-27 14:40:30,2020-01-31 14:40:30
188,14479,201.31,2020-01-22 14:40:30,2020-01-25 14:40:30
188,19073,667.27,2020-01-30 14:40:30,2020-02-01 14:40:30
188,13133,320.08,2020-01-22 14:40:30,2020-01-27 14:40:30
188,13511,409.58,2020-02-16 14:40:30,2020-02-21 14:40:30
189,9608,563.68,2023-03-08 14:40:30,2023-03-10 14:40:30
189,15430,905.28,2023-03-11 14:40:30,2023-03-11 14:40:30
189,534,145.78,2023-02-24 14:40:30,2023-02-26 14:40:30
189,4797,968.77,2023-03-08 14:40:30,2023-03-11 14:40:30
190,5737,201.40,2017-01-08 14:40:30,2017-01-11 14:40:30
190,8106,641.16,2017-01-16 14:40:30,2017-01-16 14:40:30
190,17531,838.07,2017-01-13 14:40:30,2017-01-18 14:40:30
191,2834,419.16,2017-09-05 14:40:30,2017-09-07 14:40:30
191,16939,372.55,2017-09-05 14:40:30,2017-09-05 14:40:30
192,11369,233.21,2016-08-23 14:40:30,2016-08-25 14:40:30
192,19165,361.07,2016-08-15 14:40:30,2016-08-18 14:40:30
192,12787,589.59,2016-07-28 14:40:30,2016-07-31 14:40:30
193,14599,975.74,2018-11-22 14:40:30,2018-11-25 14:40:30
193,6663,305.90,2018-11-29 14:40:30,2018-11-30 14:40:30
193,10499,298.75,2018-11-28 14:40:30,2018-12-01 14:40:30
194,12115,863.11,2022-12-30 14:40:30,2023-01-04 14:40:30
194,12162,319.74,2022-12-28 14:40:30,2022-12-29 14:40:30
194,12863,102.13,2022-12-28 14:40:30,2022-12-30 14:40:30
195,17228,284.78,2022-09-18 14:40:30,2022-09-18 14:40:30
195,1189,504.85,2022-09-06 14:40:30,2022-09-08 14:40:30
195,4453,355.99,2022-08-22 14:40:30,2022-08-23 14:40:30
195,17220,715.76,2022-09-19 14:40:30,2022-09-21 14:40:30
195,12076,128.51,2022-08-21 14:40:30,2022-08-24 14:40:30
196,17246,154.48,2023-01-24 14:40:30,2023-01-24 14:40:30
196,17380,519.60,2023-01-28 14:40:30,2023-01-31 14:40:30
197,11758,943.05,2018-05-31 14:40:30,2018-06-02 14:40:30
197,12600,328.90,2018-05-11 14:40:30,2018-05-16 14:40:30
198,812,315.23,2020-03-30 14:40:30,2020-04-03 14:40:30
198,14203,231.82,2020-03-10 14:40:30,2020-03-10 14:40:30
198,1622,993.53,2020-03-28 14:40:30,2020-04-02 14:40:30
198,8378,179.74,2020-03-10 14:40:30,2020-03-10 14:40:30
199,1668,901.69,2025-05-06 14:40:30,2025-05-09 14:40:30
199,11801,416.34,2025-05-17 14:40:30,2025-05-22 14:40:30
199,18860,672.01,2025-04-20 14:40:30,2025-04-22 14:40:30
200,14204,726.02,2022-03-02 14:40:30,2022-03-07 14:40:30
200,14386,781.36,2022-01-26 14:40:30,2022-01-26 14:40:30
200,6765,349.78,2022-02-20 14:40:30,2022-02-23 14:40:30
200,9450,630.25,2022-01-27 14:40:30,2022-01-30 14:40:30
200,18946,697.14,2022-03-01 14:40:30,2022-03-06 14:40:30
201,15791,932.77,2018-08-05 14:40:30,2018-08-08 14:40:30
201,13507,327.87,2018-08-16 14:40:30,2018-08-19 14:40:30
201,14865,927.36,2018-08-06 14:40:30,2018-08-11 14:40:30
201,17620,660.38,2018-08-05 14:40:30,2018-08-09 14:40:30
201,3947,194.11,2018-07-28 14:40:30,2018-08-02 14:40:30
202,12898,960.88,2025-06-22 14:40:30,2025-06-23 14:40:30
202,14827,305.68,2025-06-25 14:40:30,2025-06-25 14:40:30
202,7930,999.65,2025-07-13 14:40:30,2025-07-14 14:40:30
203,19892,365.78,2017-04-29 14:40:30,2017-05-03 14:40:30
203,2402,680.87,2017-05-05 14:40:30,2017-05-07 14:40:30
204,3730,100.76,2016-08-05 14:40:30,2016-08-08 14:40:30
204,3070,846.57,2016-08-16 14:40:30,2016-08-16 14:40:30
204,16658,791.61,2016-08-31 14:40:30,2016-09-03 14:40:30
204,9744,295.66,2016-08-31 14:40:30,2016-09-02 14:40:30
204,1786,432.97,2016-09-06 14:40:30,2016-09-10 14:40:30
205,13946,446.97,2016-03-23 14:40:30,2016-03-25 14:40:30
205,11813,605.94,2016-03-24 14:40:30,2016-03-29 14:40:30
205,5503,864.00,2016-04-06 14:40:30,2016-04-08 14:40:30
205,16953,158.82,2016-04-09 14:40:30,2016-04-14 14:40:30
206,15199,100.03,2016-10-10 14:40:30,2016-10-12 14:40:30
206,4363,933.27,2016-10-01 14:40:30,2016-10-05 14:40:30
207,14643,323.14,2020-05-02 14:40:30,2020-05-02 14:40:30
207,3117,847.43,2020-05-04 14:40:30,2020-05-07 14:40:30
208,13278,927.65,2019-10-27 14:40:30,2019-10-27 14:40:30
208,19825,819.27,2019-11-03 14:40:30,2019-11-03 14:40:30
208,13975,222.48,2019-11-04 14:40:30,2019-11-06 14:40:30
209,3723,712.04,2016-08-25 14:40:30,2016-08-27 14:40:30
209,11117,403.90,2016-10-03 14:40:30,2016-10-08 14:40:30
210,19116,777.49,2022-03-28 14:40:30,2022-03-31 14:40:30
210,14762,508.48,2022-04-11 14:40:30,2022-04-13 14:40:30
210,6761,174.85,2022-04-26 14:40:30,2022-04-29 14:40:30
210,15515,726.92,2022-04-08 14:40:30,2022-04-12 14:40:30
210,9655,474.09,2022-04-17 14:40:30,2022-04-17 14:40:30
211,3617,469.04,2023-08-28 14:40:30,2023-09-02 14:40:30
211,9592,742.09,2023-08-20 14:40:30,2023-08-24 14:40:30
211,1726,441.43,2023-08-21 14:40:30,2023-08-25 14:40:30
211,11661,911.42,2023-08-25 14:40:30,2023-08-27 14:40:30
211,11551,889.35,2023-09-01 14:40:30,2023-09-03 14:40:30
212,10941,279.00,2021-08-04 14:40:30,2021-08-08 14:40:30
212,8133,910.65,2021-08-08 14:40:30,2021-08-11 14:40:30
212,12227,245.34,2021-07-25 14:40:30,2021-07-26 14:40:30
212,11554,813.54,2021-08-03 14:40:30,2021-08-05 14:40:30
213,17600,561.18,2023-12-15 14:40:30,2023-12-17 14:40:30
213,2541,855.01,2023-12-31 14:40:30,2024-01-05 14:40:30
214,873,990.00,2021-12-22 14:40:30,2021-12-26 14:40:30
214,4110,329.04,2022-01-06 14:40:30,2022-01-10 14:40:30
215,18691,979.04,2022-03-23 14:40:30,2022-03-24 14:40:30
215,13815,578.92,2022-03-31 14:40:30,2022-04-01 14:40:30
215,1609,221.77,2022-03-14 14:40:30,2022-03-18 14:40:30
215,17651,569.45,2022-04-12 14:40:30,2022-04-17 14:40:30
216,945,970.43,2022-10-21 14:40:30,2022-10-24 14:40:30
216,15582,329.08,2022-11-13 14:40:30,2022-11-18 14:40:30
216,2001,448.74,2022-11-05 14:40:30,2022-11-05 14:40:30
216,16477,498.95,2022-11-06 14:40:30,2022-11-10 14:40:30
217,15694,630.29,2021-07-11 14:40:30,2021-07-15 14:40:30
217,9704,348.36,2021-07-13 14:40:30,2021-07-13 14:40:30
217,96,295.51,2021-06-19 14:40:30,2021-06-23 14:40:30
217,9331,191.15,2021-06-14 14:40:30,2021-06-18 14:40:30
217,7055,697.24,2021-06-20 14:40:30,2021-06-24 14:40:30
218,11540,105.62,2015-11-05 14:40:30,2015-11-05 14:40:30
218,2305,249.41,2015-11-01 14:40:30,2015-11-04 14:40:30
218,8973,649.74,2015-11-01 14:40:30,2015-11-04 14:40:30
218,6990,839.33,2015-10-06 14:40:30,2015-10-08 14:40:30
219,7495,951.12,2021-03-12 14:40:30,2021-03-17 14:40:30
219,10999,149.45,2021-02-28 14:40:30,2021-03-02 14:40:30
219,19704,890.82,2021-03-16 14:40:30,2021-03-16 14:40:30
219,1576,539.38,2021-03-26 14:40:30,2021-03-31 14:40:30
220,13277,257.28,2019-04-04 14:40:30,2019-04-07 14:40:30
220,13270,455.66,2019-03-23 14:40:30,2019-03-28 14:40:30
220,1246,757.64,2019-03-25 14:40:30,2019-03-26 14:40:30
221,15688,774.57,2019-05-22 14:40:30,2019-05-24 14:40:30
221,8597,891.00,2019-05-01 14:40:30,2019-05-02 14:40:30
221,14994,523.76,2019-05-14 14:40:30,2019-05-17 14:40:30
222,3711,659.27,2018-06-30 14:40:30,2018-07-04 14:40:30
222,11917,938.02,2018-06-08 14:40:30,2018-06-08 14:40:30
223,6410,849.96,2017-11-14 14:40:30,2017-11-18 14:40:30
223,13521,573.18,2017-11-19 14:40:30,2017-11-23 14:40:30
224,11200,689.19,2016-11-16 14:40:30,2016-11-17 14:40:30
224,18925,140.36,2016-11-27 14:40:30,2016-11-29 14:40:30
225,18119,698.57,2024-10-06 14:40:30,2024-10-08 14:40:30
225,15195,394.88,2024-10-14 14:40:30,2024-10-14 14:40:30
225,2154,534.10,2024-10-16 14:40:30,2024-10-16 14:40:30
225,6955,120.60,2024-11-13 14:40:30,2024-11-15 14:40:30
225,11955,351.75,2024-11-08 14:40:30,2024-11-09 14:40:30
226,7926,884.41,2023-01-27 14:40:30,2023-01-28 14:40:30
226,1691,686.54,2023-01-15 14:40:30,2023-01-18 14:40:30
227,11746,843.74,2023-07-05 14:40:30,2023-07-06 14:40:30
227,13049,272.79,2023-07-11 14:40:30,2023-07-14 14:40:30
227,9566,200.61,2023-06-22 14:40:30,2023-06-26 14:40:30
228,2561,919.75,2016-01-31 14:40:30,2016-02-04 14:40:30
228,9692,976.28,2016-01-23 14:40:30,2016-01-25 14:40:30
228,2461,311.99,2016-01-19 14:40:30,2016-01-20 14:40:30
228,17898,505.89,2016-02-06 14:40:30,2016-02-11 14:40:30
229,12043,858.29,2019-04-18 14:40:30,2019-04-18 14:40:30
229,13075,876.98,2019-04-13 14:40:30,2019-04-16 14:40:30
229,14392,190.55,2019-04-27 14:40:30,2019-05-01 14:40:30
229,19107,747.23,2019-04-24 14:40:30,2019-04-29 14:40:30
229,7896,600.65,2019-04-24 14:40:30,2019-04-28 14:40:30
230,6423,330.79,2022-11-21 14:40:30,2022-11-25 14:40:30
230,7147,723.98,2022-12-08 14:40:30,2022-12-12 14:40:30
230,17633,650.41,2022-11-19 14:40:30,2022-11-24 14:40:30
230,11825,518.59,2022-11-26 14:40:30,2022-11-28 14:40:30
231,9675,361.33,2023-02-11 14:40:30,2023-02-15 14:40:30
231,18503,134.15,2023-01-20 14:40:30,2023-01-20 14:40:30
232,14114,520.82,2024-02-09 14:40:30,2024-02-13 14:40:30
232,14659,803.31,2024-03-13 14:40:30,2024-03-14 14:40:30
232,10025,289.41,2024-02-17 14:40:30,2024-02-17 14:40:30
232,12057,699.49,2024-02-20 14:40:30,2024-02-22 14:40:30
233,18084,983.31,2020-01-21 14:40:30,2020-01-26 14:40:30
233,12439,678.39,2020-01-14 14:40:30,2020-01-18 14:40:30
233,12730,567.12,2020-01-01 14:40:30,2020-01-01 14:40:30
233,7595,283.62,2020-01-15 14:40:30,2020-01-17 14:40:30
234,15878,951.12,2022-03-08 14:40:30,2022-03-09 14:40:30
234,7670,190.82,2022-03-13 14:40:30,2022-03-16 14:40:30
234,17338,970.10,2022-03-16 14:40:30,2022-03-17 14:40:30
234,8736,374.19,2022-02-27 14:40:30,2022-02-28 14:40:30
235,8677,124.98,2025-02-13 14:40:30,2025-02-13 14:40:30
235,2213,606.84,2025-01-20 14:40:30,2025-01-20 14:40:30
235,16022,704.79,2025-02-10 14:40:30,2025-02-14 14:40:30
235,13093,786.79,2025-01-29 14:40:30,2025-01-30 14:40:30
235,5928,253.63,2025-01-18 14:40:30,2025-01-20 14:40:30
236,11667,824.26,2023-10-03 14:40:30,2023-10-05 14:40:30
236,716,658.28,2023-10-19 14:40:30,2023-10-22 14:40:30
236,2614,940.81,2023-10-02 14:40:30,2023-10-03 14:40:30
237,17763,213.78,2018-10-20 14:40:30,2018-10-20 14:40:30
237,12429,318.36,2018-11-04 14:40:30,2018-11-07 14:40:30
237,11167,905.97,2018-10-29 14:40:30,2018-11-02 14:40:30
238,1644,684.63,2020-04-17 14:40:30,2020-04-17 14:40:30
238,8186,386.36,2020-05-17 14:40:30,2020-05-19 14:40:30
238,287,813.88,2020-05-16 14:40:30,2020-05-19 14:40:30
238,10611,495.90,2020-05-03 14:40:30,2020-05-05 14:40:30
239,4698,897.60,2021-01-22 14:40:30,2021-01-23 14:40:30
239,19315,655.33,2021-01-21 14:40:30,2021-01-26 14:40:30
240,8022,357.10,2020-09-05 14:40:30,2020-09-07 14:40:30
240,5538,968.41,2020-10-06 14:40:30,2020-10-06 14:40:30
240,1227,119.45,2020-09-26 14:40:30,2020-09-28 14:40:30
241,12069,873.15,2022-12-25 14:40:30,2022-12-29 14:40:30
241,4149,444.24,2022-12-09 14:40:30,2022-12-13 14:40:30
241,10124,656.82,2022-12-02 14:40:30,2022-12-05 14:40:30
241,6852,634.47,2023-01-02 14:40:30,2023-01-03 14:40:30
241,13753,176.26,2022-12-02 14:40:30,2022-12-07 14:40:30
242,17516,216.80,2017-05-17 14:40:30,2017-05-17 14:40:30
242,13590,271.49,2017-05-11 14:40:30,2017-05-14 14:40:30
242,4450,259.71,2017-06-06 14:40:30,2017-06-11 14:40:30
242,14620,312.20,2017-06-15 14:40:30,2017-06-17 14:40:30
242,19546,305.44,2017-05-25 14:40:30,2017-05-30 14:40:30
243,3392,483.70,2022-08-09 14:40:30,2022-08-14 14:40:30
243,5412,386.85,2022-08-21 14:40:30,2022-08-22 14:40:30
243,2001,555.52,2022-07-31 14:40:30,2022-07-31 14:40:30
244,4176,729.81,2022-06-22 14:40:30,2022-06-27 14:40:30
244,14996,120.93,2022-06-05 14:40:30,2022-06-10 14:40:30
244,2665,403.84,2022-06-02 14:40:30,2022-06-04 14:40:30
245,8720,268.92,2018-08-22 14:40:30,2018-08-26 14:40:30
245,3608,566.19,2018-08-21 14:40:30,2018-08-23 14:40:30
246,14946,299.15,2017-02-03 14:40:30,2017-02-05 14:40:30
246,3588,321.42,2017-01-23 14:40:30,2017-01-24 14:40:30
246,10778,294.02,2017-02-28 14:40:30,2017-03-04 14:40:30
247,14273,459.93,2019-03-08 14:40:30,2019-03-10 14:40:30
247,551,977.54,2019-03-24 14:40:30,2019-03-24 14:40:30
247,17806,563.24,2019-03-05 14:40:30,2019-03-05 14:40:30
247,15966,390.99,2019-03-11 14:40:30,2019-03-15 14:40:30
247,12107,155.07,2019-03-17 14:40:30,2019-03-21 14:40:30
248,15620,947.76,2021-05-05 14:40:30,2021-05-06 14:40:30
248,16527,209.56,2021-04-26 14:40:30,2021-04-26 14:40:30
248,8123,253.69,2021-04-19 14:40:30,2021-04-24 14:40:30
249,17355,835.75,2022-02-18 14:40:30,2022-02-21 14:40:30
249,15907,737.70,2022-03-23 14:40:30,2022-03-28 14:40:30
249,9000,824.45,2022-03-08 14:40:30,2022-03-09 14:40:30
249,2876,769.81,2022-02-26 14:40:30,2022-03-03 14:40:30
250,12309,730.55,2025-01-11 14:40:30,2025-01-13 14:40:30
250,10550,954.74,2025-01-24 14:40:30,2025-01-27 14:40:30
250,8728,376.09,2025-01-03 14:40:30,2025-01-04 14:40:30
251,5649,989.58,2019-09-09 14:40:30,2019-09-09 14:40:30
251,18413,266.76,2019-09-08 14:40:30,2019-09-11 14:40:30
251,16285,158.97,2019-09-06 14:40:30,2019-09-07 14:40:30
251,5657,555.61,2019-09-27 14:40:30,2019-09-30 14:40:30
252,2605,700.62,2020-05-04 14:40:30,2020-05-07 14:40:30
252,7268,622.68,2020-04-29 14:40:30,2020-05-01 14:40:30
253,10737,694.89,2025-06-02 14:40:30,2025-06-05 14:40:30
253,5699,266.46,2025-06-08 14:40:30,2025-06-12 14:40:30
253,7547,794.00,2025-05-28 14:40:30,2025-05-31 14:40:30
254,9085,631.81,2017-06-29 14:40:30,2017-07-03 14:40:30
254,14715,987.10,2017-06-19 14:40:30,2017-06-22 14:40:30
254,9560,285.69,2017-06-19 14:40:30,2017-06-22 14:40:30
255,18349,397.51,2015-12-03 14:40:30,2015-12-04 14:40:30
255,5447,232.55,2015-12-12 14:40:30,2015-12-17 14:40:30
255,1744,505.04,2015-12-15 14:40:30,2015-12-15 14:40:30
256,18597,994.52,2018-04-10 14:40:30,2018-04-11 14:40:30
256,14170,372.34,2018-04-08 14:40:30,2018-04-12 14:40:30
256,8497,186.61,2018-04-12 14:40:30,2018-04-16 14:40:30
256,17422,652.75,2018-04-17 14:40:30,2018-04-17 14:40:30
256,14490,607.10,2018-04-15 14:40:30,2018-04-16 14:40:30
257,971,814.01,2024-05-27 14:40:30,2024-05-29 14:40:30
257,5155,541.82,2024-06-14 14:40:30,2024-06-14 14:40:30
257,13964,534.24,2024-05-10 14:40:30,2024-05-15 14:40:30
257,16422,646.78,2024-05-10 14:40:30,2024-05-12 14:40:30
257,13144,675.68,2024-05-22 14:40:30,2024-05-24 14:40:30
258,8139,508.50,2018-02-25 14:40:30,2018-02-28 14:40:30
258,17017,416.18,2018-03-12 14:40:30,2018-03-16 14:40:30
259,916,905.96,2024-02-20 14:40:30,2024-02-25 14:40:30
259,12613,434.43,2024-02-25 14:40:30,2024-02-26 14:40:30
259,3693,364.61,2024-03-10 14:40:30,2024-03-12 14:40:30
260,12886,939.81,2025-07-14 14:40:30,2025-07-16 14:40:30
260,2768,993.09,2025-07-15 14:40:30,2025-07-18 14:40:30
260,10668,292.26,2025-07-26 14:40:30,2025-07-26 14:40:30
261,4806,545.96,2022-04-29 14:40:30,2022-05-02 14:40:30
261,12597,792.00,2022-05-26 14:40:30,2022-05-26 14:40:30
261,14412,793.92,2022-04-27 14:40:30,2022-04-28 14:40:30
261,17443,806.77,2022-06-05 14:40:30,2022-06-06 14:40:30
261,17207,146.63,2022-05-24 14:40:30,2022-05-25 14:40:30
262,8526,812.72,2019-01-24 14:40:30,2019-01-24 14:40:30
262,16209,680.67,2019-01-07 14:40:30,2019-01-12 14:40:30
262,13615,785.80,2019-01-16 14:40:30,2019-01-16 14:40:30
262,17068,599.52,2019-01-11 14:40:30,2019-01-12 14:40:30
262,11502,823.15,2019-02-08 14:40:30,2019-02-09 14:40:30
263,8034,496.79,2021-06-15 14:40:30,2021-06-16 14:40:30
263,18721,436.50,2021-05-26 14:40:30,2021-05-26 14:40:30
263,10632,270.51,2021-05-27 14:40:30,2021-05-30 14:40:30
264,12060,754.09,2020-04-09 14:40:30,2020-04-09 14:40:30
264,15996,617.66,2020-03-31 14:40:30,2020-04-03 14:40:30
264,18373,970.90,2020-04-26 14:40:30,2020-05-01 14:40:30
265,227,706.05,2025-03-21 14:40:30,2025-03-22 14:40:30
265,3980,534.14,2025-04-20 14:40:30,2025-04-20 14:40:30
266,18902,779.06,2020-03-08 14:40:30,2020-03-08 14:40:30
266,16998,365.25,2020-03-22 14:40:30,2020-03-23 14:40:30
266,2321,183.44,2020-03-19 14:40:30,2020-03-21 14:40:30
266,18811,144.07,2020-04-10 14:40:30,2020-04-15 14:40:30
266,719,204.87,2020-04-04 14:40:30,2020-04-06 14:40:30
267,3921,664.52,2017-12-30 14:40:30,2018-01-01 14:40:30
267,16552,871.75,2017-11-28 14:40:30,2017-11-28 14:40:30
267,11883,326.59,2017-12-07 14:40:30,2017-12-12 14:40:30
267,15338,804.97,2017-12-22 14:40:30,2017-12-24 14:40:30
268,4276,562.86,2023-11-17 14:40:30,2023-11-18 14:40:30
268,6617,761.88,2023-11-10 14:40:30,2023-11-10 14:40:30
269,371,221.90,2016-08-06 14:40:30,2016-08-06 14:40:30
269,2512,438.98,2016-07-23 14:40:30,2016-07-26 14:40:30
269,9079,351.88,2016-07-25 14:40:30,2016-07-27 14:40:30
269,4580,203.44,2016-07-25 14:40:30,2016-07-28 14:40:30
270,5991,797.09,2017-12-22 14:40:30,2017-12-27 14:40:30
270,2464,135.60,2018-01-13 14:40:30,2018-01-18 14:40:30
270,3289,259.83,2017-12-30 14:40:30,2018-01-03 14:40:30
271,1977,365.23,2023-12-18 14:40:30,2023-12-22 14:40:30
271,9149,366.49,2024-01-19 14:40:30,2024-01-21 14:40:30
272,2469,351.54,2021-11-11 14:40:30,2021-11-15 14:40:30
272,19397,342.31,2021-10-30 14:40:30,2021-11-02 14:40:30
272,16607,971.67,2021-11-22 14:40:30,2021-11-22 14:40:30
272,8604,724.53,2021-11-28 14:40:30,2021-11-28 14:40:30
273,15697,386.01,2018-08-18 14:40:30,2018-08-22 14:40:30
273,2557,304.38,2018-08-11 14:40:30,2018-08-15 14:40:30
274,8969,888.75,2025-02-05 14:40:30,2025-02-06 14:40:30
274,13364,810.43,2025-02-16 14:40:30,2025-02-18 14:40:30
274,13049,311.21,2025-02-21 14:40:30,2025-02-23 14:40:30
274,7753,138.36,2025-01-21 14:40:30,2025-01-21 14:40:30
274,13984,598.05,2025-01-27 14:40:30,2025-01-30 14:40:30
275,6974,501.17,2022-01-29 14:40:30,2022-02-03 14:40:30
275,10756,803.39,2022-02-02 14:40:30,2022-02-03 14:40:30
275,300,178.38,2022-01-16 14:40:30,2022-01-18 14:40:30
275,4239,286.82,2022-01-04 14:40:30,2022-01-06 14:40:30
275,8171,420.88,2022-01-09 14:40:30,2022-01-14 14:40:30
276,11718,136.56,2017-06-04 14:40:30,2017-06-06 14:40:30
276,17603,590.24,2017-06-12 14:40:30,2017-06-13 14:40:30
277,4833,940.89,2021-11-19 14:40:30,2021-11-22 14:40:30
277,18856,552.14,2021-10-22 14:40:30,2021-10-25 14:40:30
278,19688,453.95,2023-10-23 14:40:30,2023-10-23 14:40:30
278,1194,866.30,2023-11-06 14:40:30,2023-11-07 14:40:30
279,14550,718.07,2023-01-03 14:40:30,2023-01-06 14:40:30
279,14620,359.52,2023-02-03 14:40:30,2023-02-04 14:40:30
279,10717,820.01,2023-02-04 14:40:30,2023-02-05 14:40:30
279,1965,617.42,2023-01-09 14:40:30,2023-01-12 14:40:30
280,5555,706.60,2017-03-21 14:40:30,2017-03-25 14:40:30
280,6626,798.71,2017-04-05 14:40:30,2017-04-05 14:40:30
280,9937,980.80,2017-03-29 14:40:30,2017-04-02 14:40:30
280,8180,141.00,2017-03-30 14:40:30,2017-04-02 14:40:30
281,14172,820.14,2020-09-24 14:40:30,2020-09-26 14:40:30
281,17725,144.11,2020-09-18 14:40:30,2020-09-22 14:40:30
282,2151,735.83,2015-08-05 14:40:30,2015-08-10 14:40:30
282,14062,667.05,2015-08-09 14:40:30,2015-08-09 14:40:30
282,16308,717.58,2015-08-11 14:40:30,2015-08-11 14:40:30
282,2854,911.79,2015-07-17 14:40:30,2015-07-19 14:40:30
282,9274,714.05,2015-08-26 14:40:30,2015-08-31 14:40:30
283,8366,553.91,2019-02-09 14:40:30,2019-02-12 14:40:30
283,35,130.11,2019-02-09 14:40:30,2019-02-10 14:40:30
283,13204,477.62,2019-01-28 14:40:30,2019-01-30 14:40:30
283,16501,447.94,2019-01-22 14:40:30,2019-01-23 14:40:30
283,5403,113.18,2019-02-12 14:40:30,2019-02-14 14:40:30
284,14769,234.03,2021-08-30 14:40:30,2021-08-31 14:40:30
284,18385,341.49,2021-08-23 14:40:30,2021-08-25 14:40:30
284,16799,954.28,2021-08-28 14:40:30,2021-09-01 14:40:30
284,15527,452.47,2021-09-18 14:40:30,2021-09-23 14:40:30
284,9600,503.20,2021-08-17 14:40:30,2021-08-17 14:40:30
285,11540,524.64,2019-09-24 14:40:30,2019-09-29 14:40:30
285,1792,746.62,2019-08-23 14:40:30,2019-08-24 14:40:30
285,17910,275.09,2019-09-02 14:40:30,2019-09-04 14:40:30
285,3789,941.69,2019-09-25 14:40:30,2019-09-30 14:40:30
285,13081,960.34,2019-08-29 14:40:30,2019-08-30 14:40:30
286,2950,675.19,2022-02-09 14:40:30,2022-02-13 14:40:30
286,5392,665.22,2022-01-17 14:40:30,2022-01-21 14:40:30
286,3789,405.79,2022-01-24 14:40:30,2022-01-26 14:40:30
287,2218,707.15,2020-02-15 14:40:30,2020-02-18 14:40:30
287,13914,795.30,2020-03-10 14:40:30,2020-03-12 14:40:30
288,2627,921.88,2017-10-08 14:40:30,2017-10-12 14:40:30
288,14680,423.92,2017-10-04 14:40:30,2017-10-04 14:40:30
288,6199,471.66,2017-10-21 14:40:30,2017-10-26 14:40:30
288,7702,227.58,2017-09-20 14:40:30,2017-09-20 14:40:30
288,4129,348.56,2017-09-20 14:40:30,2017-09-25 14:40:30
289,2087,901.85,2016-03-29 14:40:30,2016-04-01 14:40:30
289,1905,719.80,2016-03-10 14:40:30,2016-03-14 14:40:30
289,8842,402.60,2016-04-02 14:40:30,2016-04-02 14:40:30
290,18706,304.66,2016-07-12 14:40:30,2016-07-13 14:40:30
290,1785,529.14,2016-06-24 14:40:30,2016-06-26 14:40:30
290,18999,142.76,2016-06-25 14:40:30,2016-06-29 14:40:30
290,7589,645.54,2016-06-30 14:40:30,2016-07-03 14:40:30
291,6652,472.14,2019-05-19 14:40:30,2019-05-22 14:40:30
291,10801,399.18,2019-05-20 14:40:30,2019-05-22 14:40:30
292,2406,229.96,2019-02-15 14:40:30,2019-02-20 14:40:30
292,13228,816.75,2019-02-17 14:40:30,2019-02-18 14:40:30
292,8152,666.06,2019-02-23 14:40:30,2019-02-25 14:40:30
293,3184,324.88,2024-04-17 14:40:30,2024-04-17 14:40:30
293,5391,162.82,2024-03-20 14:40:30,2024-03-21 14:40:30
294,7178,506.54,2016-09-26 14:40:30,2016-10-01 14:40:30
294,9689,874.56,2016-09-22 14:40:30,2016-09-24 14:40:30
294,1038,336.13,2016-09-21 14:40:30,2016-09-26 14:40:30
294,13499,733.64,2016-09-27 14:40:30,2016-09-27 14:40:30
295,911,136.59,2019-07-31 14:40:30,2019-07-31 14:40:30
295,15614,326.77,2019-07-29 14:40:30,2019-08-02 14:40:30
295,9502,478.57,2019-07-02 14:40:30,2019-07-03 14:40:30
295,6053,924.60,2019-08-01 14:40:30,2019-08-04 14:40:30
296,552,451.59,2021-11-20 14:40:30,2021-11-21 14:40:30
296,9646,662.15,2021-10-31 14:40:30,2021-11-04 14:40:30
296,14733,311.53,2021-10-27 14:40:30,2021-10-27 14:40:30
297,10810,946.53,2022-08-02 14:40:30,2022-08-03 14:40:30
297,12485,524.94,2022-08-15 14:40:30,2022-08-16 14:40:30
297,12678,266.33,2022-08-21 14:40:30,2022-08-21 14:40:30
297,3746,148.01,2022-08-13 14:40:30,2022-08-14 14:40:30
297,7654,611.76,2022-08-30 14:40:30,2022-09-02 14:40:30
298,8539,249.71,2020-01-02 14:40:30,2020-01-07 14:40:30
298,19422,931.52,2020-01-26 14:40:30,2020-01-28 14:40:30
299,17793,628.60,2015-09-12 14:40:30,2015-09-17 14:40:30
299,18957,675.57,2015-09-30 14:40:30,2015-10-05 14:40:30
299,14148,893.39,2015-09-10 14:40:30,2015-09-11 14:40:30
300,436,479.57,2017-09-16 14:40:30,2017-09-18 14:40:30
300,6391,230.90,2017-09-12 14:40:30,2017-09-16 14:40:30
300,6655,354.54,2017-09-17 14:40:30,2017-09-21 14:40:30
300,16324,963.33,2017-09-17 14:40:30,2017-09-17 14:40:30
300,7153,318.74,2017-08-27 14:40:30,2017-08-29 14:40:30
301,19757,668.94,2016-01-29 14:40:30,2016-01-30 14:40:30
301,8884,443.80,2016-02-29 14:40:30,2016-03-02 14:40:30
302,18540,308.81,2020-03-07 14:40:30,2020-03-11 14:40:30
302,5665,414.22,2020-04-04 14:40:30,2020-04-05 14:40:30
303,15314,803.32,2021-08-03 14:40:30,2021-08-05 14:40:30
303,10823,106.51,2021-08-08 14:40:30,2021-08-11 14:40:30
304,16137,106.71,2018-07-17 14:40:30,2018-07-18 14:40:30
304,13412,438.08,2018-07-28 14:40:30,2018-07-30 14:40:30
304,10888,285.99,2018-08-06 14:40:30,2018-08-08 14:40:30
304,17718,346.53,2018-07-30 14:40:30,2018-08-04 14:40:30
304,10655,667.05,2018-07-11 14:40:30,2018-07-16 14:40:30
305,11104,322.61,2018-12-16 14:40:30,2018-12-18 14:40:30
305,9071,303.56,2018-11-30 14:40:30,2018-11-30 14:40:30
306,2505,280.74,2022-08-12 14:40:30,2022-08-13 14:40:30
306,3961,873.53,2022-07-14 14:40:30,2022-07-14 14:40:30
306,14595,595.37,2022-07-16 14:40:30,2022-07-19 14:40:30
306,1611,727.03,2022-07-05 14:40:30,2022-07-06 14:40:30
306,5667,107.31,2022-07-22 14:40:30,2022-07-23 14:40:30
307,5663,644.73,2019-04-27 14:40:30,2019-05-02 14:40:30
307,5695,577.37,2019-04-04 14:40:30,2019-04-07 14:40:30
307,18287,950.45,2019-05-08 14:40:30,2019-05-09 14:40:30
307,16665,568.46,2019-04-16 14:40:30,2019-04-20 14:40:30
307,632,213.19,2019-04-15 14:40:30,2019-04-16 14:40:30
308,401,906.78,2025-04-19 14:40:30,2025-04-22 14:40:30
308,8092,443.43,2025-05-19 14:40:30,2025-05-20 14:40:30
308,18166,788.97,2025-05-13 14:40:30,2025-05-13 14:40:30
308,12929,303.56,2025-05-18 14:40:30,2025-05-22 14:40:30
309,4157,272.83,2019-05-15 14:40:30,2019-05-17 14:40:30
309,1309,985.45,2019-05-18 14:40:30,2019-05-18 14:40:30
309,12259,417.03,2019-04-26 14:40:30,2019-04-29 14:40:30
309,15115,299.29,2019-04-27 14:40:30,2019-04-28 14:40:30
310,7662,604.26,2023-09-28 14:40:30,2023-10-02 14:40:30
310,1542,998.91,2023-10-19 14:40:30,2023-10-23 14:40:30
310,9428,419.30,2023-10-08 14:40:30,2023-10-10 14:40:30
310,11698,311.21,2023-11-02 14:40:30,2023-11-04 14:40:30
311,16627,508.46,2024-10-09 14:40:30,2024-10-14 14:40:30
311,18273,631.77,2024-10-05 14:40:30,2024-10-10 14:40:30
311,3536,442.47,2024-10-22 14:40:30,2024-10-23 14:40:30
311,18280,821.41,2024-10-19 14:40:30,2024-10-22 14:40:30
311,8419,247.22,2024-10-17 14:40:30,2024-10-19 14:40:30
312,16340,335.75,2024-02-06 14:40:30,2024-02-10 14:40:30
312,13347,851.77,2024-02-02 14:40:30,2024-02-03 14:40:30
313,5248,106.92,2019-02-28 14:40:30,2019-03-05 14:40:30
313,15683,325.04,2019-02-14 14:40:30,2019-02-16 14:40:30
314,8593,191.41,2018-08-26 14:40:30,2018-08-30 14:40:30
314,3553,794.15,2018-08-21 14:40:30,2018-08-25 14:40:30
314,8634,741.38,2018-07-27 14:40:30,2018-07-29 14:40:30
314,3539,102.21,2018-09-03 14:40:30,2018-09-07 14:40:30
315,11326,608.17,2020-10-28 14:40:30,2020-11-01 14:40:30
315,18128,225.92,2020-11-02 14:40:30,2020-11-02 14:40:30
315,6666,959.03,2020-11-27 14:40:30,2020-11-29 14:40:30
315,3841,408.04,2020-11-23 14:40:30,2020-11-25 14:40:30
316,1350,860.63,2019-07-24 14:40:30,2019-07-26 14:40:30
316,9014,614.95,2019-07-06 14:40:30,2019-07-08 14:40:30
316,5276,909.46,2019-07-15 14:40:30,2019-07-19 14:40:30
317,1042,856.13,2023-02-21 14:40:30,2023-02-26 14:40:30
317,544,175.40,2023-01-23 14:40:30,2023-01-28 14:40:30
318,14679,201.93,2019-05-13 14:40:30,2019-05-18 14:40:30
318,12670,520.71,2019-05-01 14:40:30,2019-05-06 14:40:30
318,11454,245.06,2019-05-11 14:40:30,2019-05-13 14:40:30
318,1499,218.83,2019-05-10 14:40:30,2019-05-11 14:40:30
318,14385,175.25,2019-05-04 14:40:30,2019-05-06 14:40:30
319,6768,211.16,2023-12-12 14:40:30,2023-12-14 14:40:30
319,1379,815.84,2023-11-12 14:40:30,2023-11-13 14:40:30
320,10493,686.99,2019-12-22 14:40:30,2019-12-23 14:40:30
320,7153,531.65,2019-12-27 14:40:30,2019-12-28 14:40:30
320,15122,347.15,2019-11-28 14:40:30,2019-11-29 14:40:30
320,8015,903.21,2019-12-14 14:40:30,2019-12-16 14:40:30
321,6645,745.79,2015-11-03 14:40:30,2015-11-05 14:40:30
321,16134,697.91,2015-11-11 14:40:30,2015-11-11 14:40:30
321,16199,456.78,2015-11-03 14:40:30,2015-11-08 14:40:30
321,11264,863.93,2015-11-02 14:40:30,2015-11-06 14:40:30
322,19470,337.79,2023-12-24 14:40:30,2023-12-28 14:40:30
322,14313,947.29,2024-01-12 14:40:30,2024-01-14 14:40:30
322,2127,110.39,2023-12-30 14:40:30,2023-12-30 14:40:30
322,3891,147.50,2023-12-07 14:40:30,2023-12-08 14:40:30
323,12136,445.95,2021-01-31 14:40:30,2021-02-02 14:40:30
323,18126,873.65,2021-01-05 14:40:30,2021-01-06 14:40:30
323,11261,233.59,2021-02-02 14:40:30,2021-02-05 14:40:30
324,10485,674.06,2019-03-23 14:40:30,2019-03-28 14:40:30
324,13612,432.41,2019-04-13 14:40:30,2019-04-18 14:40:30
325,14669,948.88,2016-12-27 14:40:30,2016-12-29 14:40:30
325,17355,582.05,2017-01-15 14:40:30,2017-01-15 14:40:30
325,4934,858.46,2017-01-01 14:40:30,2017-01-02 14:40:30
325,9409,836.52,2016-12-15 14:40:30,2016-12-18 14:40:30
325,17675,502.17,2016-12-31 14:40:30,2017-01-02 14:40:30
326,8004,215.29,2017-06-22 14:40:30,2017-06-23 14:40:30
326,964,460.06,2017-05-29 14:40:30,2017-06-02 14:40:30
327,11620,345.74,2017-10-27 14:40:30,2017-10-27 14:40:30
327,7037,639.98,2017-10-20 14:40:30,2017-10-23 14:40:30
327,19646,629.45,2017-11-06 14:40:30,2017-11-10 14:40:30
328,11195,920.76,2022-08-06 14:40:30,2022-08-08 14:40:30
328,8072,118.02,2022-09-07 14:40:30,2022-09-08 14:40:30
328,6153,454.66,2022-08-10 14:40:30,2022-08-13 14:40:30
328,2026,312.18,2022-09-10 14:40:30,2022-09-11 14:40:30
329,6037,948.52,2018-03-10 14:40:30,2018-03-13 14:40:30
329,16278,390.39,2018-03-04 14:40:30,2018-03-09 14:40:30
329,16069,299.18,2018-03-19 14:40:30,2018-03-19 14:40:30
330,17016,842.37,2025-05-01 14:40:30,2025-05-01 14:40:30
330,15810,236.33,2025-04-24 14:40:30,2025-04-24 14:40:30
331,10955,737.20,2018-07-03 14:40:30,2018-07-05 14:40:30
331,15290,107.78,2018-06-10 14:40:30,2018-06-13 14:40:30
331,19654,312.60,2018-06-23 14:40:30,2018-06-25 14:40:30
332,14822,874.55,2019-12-04 14:40:30,2019-12-08 14:40:30
332,17963,372.18,2019-12-05 14:40:30,2019-12-10 14:40:30
332,11945,614.51,2019-11-06 14:40:30,2019-11-07 14:40:30
332,293,487.57,2019-11-04 14:40:30,2019-11-04 14:40:30
333,12158,700.62,2023-04-01 14:40:30,2023-04-04 14:40:30
333,8961,809.56,2023-03-18 14:40:30,2023-03-19 14:40:30
333,17629,507.71,2023-04-12 14:40:30,2023-04-14 14:40:30
334,17204,732.81,2017-02-03 14:40:30,2017-02-05 14:40:30
334,12710,864.92,2017-01-28 14:40:30,2017-01-28 14:40:30
335,3742,813.12,2019-12-16 14:40:30,2019-12-17 14:40:30
335,9992,371.45,2019-12-02 14:40:30,2019-12-03 14:40:30
335,15245,276.95,2019-12-04 14:40:30,2019-12-05 14:40:30
335,19024,197.93,2019-12-03 14:40:30,2019-12-06 14:40:30
336,3830,222.41,2020-12-21 14:40:30,2020-12-24 14:40:30
336,7930,819.54,2021-01-05 14:40:30,2021-01-05 14:40:30
336,12109,917.44,2020-12-05 14:40:30,2020-12-09 14:40:30
336,19094,391.15,2020-12-10 14:40:30,2020-12-10 14:40:30
337,19284,948.07,2019-01-05 14:40:30,2019-01-09 14:40:30
337,2959,902.35,2019-01-10 14:40:30,2019-01-14 14:40:30
337,14732,539.77,2019-01-21 14:40:30,2019-01-23 14:40:30
337,16412,996.30,2019-01-17 14:40:30,2019-01-21 14:40:30
338,16115,449.86,2019-11-24 14:40:30,2019-11-28 14:40:30
338,3842,945.46,2019-11-15 14:40:30,2019-11-15 14:40:30
338,7733,939.41,2019-12-03 14:40:30,2019-12-06 14:40:30
338,8169,933.33,2019-12-04 14:40:30,2019-12-05 14:40:30
339,12576,820.11,2023-03-05 14:40:30,2023-03-06 14:40:30
339,11017,267.07,2023-04-01 14:40:30,2023-04-01 14:40:30
340,12994,309.58,2022-04-08 14:40:30,2022-04-13 14:40:30
340,14586,721.65,2022-03-23 14:40:30,2022-03-27 14:40:30
341,5898,839.86,2018-01-02 14:40:30,2018-01-06 14:40:30
341,13474,126.46,2018-01-03 14:40:30,2018-01-04 14:40:30
341,19598,227.95,2018-01-29 14:40:30,2018-02-03 14:40:30
342,5242,736.50,2021-08-07 14:40:30,2021-08-11 14:40:30
342,9278,640.91,2021-07-16 14:40:30,2021-07-18 14:40:30
343,12259,908.77,2025-01-28 14:40:30,2025-02-02 14:40:30
343,7434,480.22,2025-01-29 14:40:30,2025-02-03 14:40:30
344,11271,639.13,2016-11-07 14:40:30,2016-11-11 14:40:30
344,13401,507.24,2016-11-17 14:40:30,2016-11-19 14:40:30
344,15904,337.83,2016-10-28 14:40:30,2016-10-28 14:40:30
344,8071,274.58,2016-11-05 14:40:30,2016-11-09 14:40:30
345,6459,706.66,2025-01-17 14:40:30,2025-01-19 14:40:30
345,14276,431.94,2024-12-24 14:40:30,2024-12-25 14:40:30
345,19024,980.01,2025-01-06 14:40:30,2025-01-07 14:40:30
345,2352,669.99,2025-01-12 14:40:30,2025-01-12 14:40:30
345,3419,476.69,2025-01-03 14:40:30,2025-01-05 14:40:30
346,8043,475.92,2023-07-19 14:40:30,2023-07-19 14:40:30
346,10680,665.09,2023-08-06 14:40:30,2023-08-07 14:40:30
347,10083,436.32,2016-02-29 14:40:30,2016-03-01 14:40:30
347,14455,872.73,2016-03-07 14:40:30,2016-03-12 14:40:30
347,13288,913.79,2016-02-21 14:40:30,2016-02-21 14:40:30
348,6996,782.60,2023-08-22 14:40:30,2023-08-22 14:40:30
348,2720,122.38,2023-07-19 14:40:30,2023-07-23 14:40:30
348,12071,615.25,2023-07-28 14:40:30,2023-08-02 14:40:30
348,7522,518.39,2023-07-20 14:40:30,2023-07-22 14:40:30
348,18938,702.13,2023-07-31 14:40:30,2023-08-04 14:40:30
349,10535,927.86,2023-12-31 14:40:30,2024-01-01 14:40:30
349,7790,852.33,2024-01-22 14:40:30,2024-01-22 14:40:30
349,13072,435.45,2023-12-27 14:40:30,2023-12-29 14:40:30
350,4873,204.14,2017-04-18 14:40:30,2017-04-19 14:40:30
350,5630,584.11,2017-05-11 14:40:30,2017-05-15 14:40:30
350,6508,380.12,2017-04-18 14:40:30,2017-04-19 14:40:30
350,16610,499.59,2017-04-27 14:40:30,2017-04-28 14:40:30
350,10251,552.97,2017-05-02 14:40:30,2017-05-07 14:40:30
351,5557,688.04,2022-10-08 14:40:30,2022-10-09 14:40:30
351,15715,237.58,2022-10-11 14:40:30,2022-10-12 14:40:30
352,12510,585.51,2024-10-08 14:40:30,2024-10-11 14:40:30
352,15836,462.46,2024-10-14 14:40:30,2024-10-19 14:40:30
353,5459,694.03,2019-03-10 14:40:30,2019-03-12 14:40:30
353,2160,926.62,2019-02-27 14:40:30,2019-03-01 14:40:30
354,9515,901.95,2016-03-28 14:40:30,2016-04-02 14:40:30
354,8075,831.50,2016-04-02 14:40:30,2016-04-07 14:40:30
355,14120,648.57,2019-05-13 14:40:30,2019-05-18 14:40:30
355,7041,622.99,2019-04-16 14:40:30,2019-04-21 14:40:30
355,15748,746.55,2019-04-11 14:40:30,2019-04-14 14:40:30
355,4338,427.72,2019-04-17 14:40:30,2019-04-20 14:40:30
356,468,720.00,2019-09-23 14:40:30,2019-09-26 14:40:30
356,10641,238.18,2019-10-03 14:40:30,2019-10-04 14:40:30
357,14697,306.23,2017-05-07 14:40:30,2017-05-10 14:40:30
357,7024,770.70,2017-05-24 14:40:30,2017-05-26 14:40:30
358,13765,866.21,2019-02-19 14:40:30,2019-02-21 14:40:30
358,2570,225.45,2019-02-21 14:40:30,2019-02-26 14:40:30
359,10671,237.37,2020-01-02 14:40:30,2020-01-02 14:40:30
359,5856,395.29,2019-12-28 14:40:30,2019-12-29 14:40:30
359,16749,929.61,2019-11-29 14:40:30,2019-11-29 14:40:30
360,10161,417.52,2016-10-31 14:40:30,2016-10-31 14:40:30
360,4997,343.34,2016-11-02 14:40:30,2016-11-02 14:40:30
360,7864,534.23,2016-11-26 14:40:30,2016-11-30 14:40:30
360,18266,129.17,2016-10-29 14:40:30,2016-11-03 14:40:30
361,9265,161.37,2018-01-16 14:40:30,2018-01-18 14:40:30
361,14201,581.45,2018-02-10 14:40:30,2018-02-14 14:40:30
361,14827,518.28,2018-01-05 14:40:30,2018-01-05 14:40:30
361,5497,547.70,2018-01-11 14:40:30,2018-01-13 14:40:30
362,17662,548.08,2016-12-14 14:40:30,2016-12-18 14:40:30
362,11283,694.24,2016-12-28 14:40:30,2017-01-01 14:40:30
362,19665,374.65,2017-01-01 14:40:30,2017-01-03 14:40:30
363,4651,376.64,2016-10-12 14:40:30,2016-10-16 14:40:30
363,704,823.85,2016-11-11 14:40:30,2016-11-11 14:40:30
364,15494,567.60,2024-06-25 14:40:30,2024-06-26 14:40:30
364,12218,312.22,2024-07-01 14:40:30,2024-07-06 14:40:30
364,17760,979.72,2024-06-14 14:40:30,2024-06-17 14:40:30
365,18039,228.56,2023-01-22 14:40:30,2023-01-27 14:40:30
365,1766,225.69,2023-02-12 14:40:30,2023-02-12 14:40:30
366,15964,850.49,2023-04-05 14:40:30,2023-04-05 14:40:30
366,5994,138.40,2023-03-30 14:40:30,2023-03-30 14:40:30
366,7387,763.81,2023-04-06 14:40:30,2023-04-10 14:40:30
367,11912,801.36,2016-11-13 14:40:30,2016-11-15 14:40:30
367,4579,155.99,2016-11-19 14:40:30,2016-11-24 14:40:30
367,13562,231.49,2016-11-06 14:40:30,2016-11-10 14:40:30
367,11821,769.24,2016-11-09 14:40:30,2016-11-09 14:40:30
368,16628,170.68,2017-04-03 14:40:30,2017-04-07 14:40:30
368,14802,233.07,2017-05-05 14:40:30,2017-05-07 14:40:30
368,6671,764.21,2017-04-17 14:40:30,2017-04-19 14:40:30
368,1293,432.71,2017-05-05 14:40:30,2017-05-06 14:40:30
368,4207,199.22,2017-04-18 14:40:30,2017-04-22 14:40:30
369,16975,410.40,2023-08-30 14:40:30,2023-09-02 14:40:30
369,7802,296.09,2023-08-20 14:40:30,2023-08-23 14:40:30
369,18255,657.94,2023-09-03 14:40:30,2023-09-08 14:40:30
369,11403,811.23,2023-07-30 14:40:30,2023-07-30 14:40:30
369,10326,872.91,2023-09-02 14:40:30,2023-09-03 14:40:30
370,16911,576.14,2020-01-21 14:40:30,2020-01-22 14:40:30
370,3102,108.29,2020-01-27 14:40:30,2020-01-31 14:40:30
370,6712,937.04,2020-01-22 14:40:30,2020-01-23 14:40:30
371,578,316.80,2018-04-01 14:40:30,2018-04-01 14:40:30
371,11560,371.11,2018-04-15 14:40:30,2018-04-17 14:40:30
372,5078,170.34,2019-05-25 14:40:30,2019-05-25 14:40:30
372,17551,236.00,2019-04-27 14:40:30,2019-04-27 14:40:30
372,19120,533.58,2019-05-25 14:40:30,2019-05-25 14:40:30
373,16634,470.00,2021-02-12 14:40:30,2021-02-15 14:40:30
373,6788,223.70,2021-02-26 14:40:30,2021-03-01 14:40:30
373,8798,630.91,2021-02-10 14:40:30,2021-02-15 14:40:30
373,15688,267.94,2021-02-04 14:40:30,2021-02-08 14:40:30
373,7364,111.31,2021-02-12 14:40:30,2021-02-12 14:40:30
374,6116,413.73,2016-04-08 14:40:30,2016-04-11 14:40:30
374,9106,589.86,2016-04-12 14:40:30,2016-04-13 14:40:30
374,13537,336.86,2016-05-05 14:40:30,2016-05-08 14:40:30
375,17778,853.53,2023-06-22 14:40:30,2023-06-26 14:40:30
375,12384,556.67,2023-06-21 14:40:30,2023-06-25 14:40:30
375,16419,329.94,2023-07-04 14:40:30,2023-07-04 14:40:30
375,9124,111.95,2023-06-28 14:40:30,2023-07-02 14:40:30
376,14145,737.39,2016-08-07 14:40:30,2016-08-07 14:40:30
376,14338,275.57,2016-08-06 14:40:30,2016-08-08 14:40:30
376,10509,364.32,2016-08-31 14:40:30,2016-09-05 14:40:30
377,14400,217.61,2022-05-28 14:40:30,2022-05-31 14:40:30
377,2765,870.82,2022-06-23 14:40:30,2022-06-24 14:40:30
377,11300,473.16,2022-05-20 14:40:30,2022-05-22 14:40:30
378,8821,273.76,2016-07-17 14:40:30,2016-07-18 14:40:30
378,18879,413.83,2016-07-30 14:40:30,2016-08-03 14:40:30
378,3349,459.06,2016-08-11 14:40:30,2016-08-12 14:40:30
378,4305,255.53,2016-07-25 14:40:30,2016-07-25 14:40:30
379,9094,739.94,2023-03-28 14:40:30,2023-04-02 14:40:30
379,10415,123.70,2023-04-11 14:40:30,2023-04-12 14:40:30
379,6828,214.67,2023-04-03 14:40:30,2023-04-03 14:40:30
380,11847,456.31,2019-05-19 14:40:30,2019-05-20 14:40:30
380,295,773.42,2019-06-16 14:40:30,2019-06-18 14:40:30
380,18696,923.75,2019-05-28 14:40:30,2019-05-31 14:40:30
380,16309,297.28,2019-05-20 14:40:30,2019-05-22 14:40:30
381,2082,609.49,2024-02-25 14:40:30,2024-02-26 14:40:30
381,13432,312.45,2024-02-19 14:40:30,2024-02-19 14:40:30
381,4284,563.51,2024-02-08 14:40:30,2024-02-13 14:40:30
381,4087,746.36,2024-02-06 14:40:30,2024-02-06 14:40:30
381,14035,546.39,2024-01-26 14:40:30,2024-01-27 14:40:30
382,12577,939.29,2021-09-01 14:40:30,2021-09-02 14:40:30
382,12392,624.25,2021-09-06 14:40:30,2021-09-09 14:40:30
382,10493,630.21,2021-10-01 14:40:30,2021-10-02 14:40:30
382,4402,882.12,2021-09-07 14:40:30,2021-09-12 14:40:30
383,7734,724.76,2021-04-27 14:40:30,2021-04-29 14:40:30
383,19894,319.12,2021-04-29 14:40:30,2021-04-30 14:40:30
383,3911,241.81,2021-06-01 14:40:30,2021-06-01 14:40:30
384,9859,496.94,2018-09-08 14:40:30,2018-09-08 14:40:30
384,13972,393.37,2018-08-31 14:40:30,2018-09-03 14:40:30
384,17657,497.11,2018-08-21 14:40:30,2018-08-25 14:40:30
384,8135,277.64,2018-08-22 14:40:30,2018-08-25 14:40:30
385,1203,711.30,2025-07-13 14:40:30,2025-07-18 14:40:30
385,15980,233.76,2025-07-17 14:40:30,2025-07-17 14:40:30
385,9178,956.88,2025-06-22 14:40:30,2025-06-27 14:40:30
385,9853,229.40,2025-07-22 14:40:30,2025-07-27 14:40:30
386,13065,314.49,2017-11-21 14:40:30,2017-11-26 14:40:30
386,3473,888.31,2017-11-18 14:40:30,2017-11-18 14:40:30
387,11624,967.38,2020-05-07 14:40:30,2020-05-08 14:40:30
387,2089,384.40,2020-04-24 14:40:30,2020-04-28 14:40:30
387,13575,285.67,2020-05-06 14:40:30,2020-05-09 14:40:30
387,1728,984.66,2020-04-16 14:40:30,2020-04-17 14:40:30
387,9632,278.11,2020-05-10 14:40:30,2020-05-14 14:40:30
388,6314,629.65,2023-05-14 14:40:30,2023-05-17 14:40:30
388,17945,520.34,2023-06-14 14:40:30,2023-06-18 14:40:30
388,10589,937.46,2023-06-15 14:40:30,2023-06-19 14:40:30
389,15049,637.35,2025-06-06 14:40:30,2025-06-07 14:40:30
389,11753,210.11,2025-05-11 14:40:30,2025-05-12 14:40:30
389,12300,156.96,2025-05-26 14:40:30,2025-05-30 14:40:30
389,4110,733.15,2025-05-24 14:40:30,2025-05-29 14:40:30
390,13174,825.79,2020-12-18 14:40:30,2020-12-20 14:40:30
390,7572,943.94,2020-12-20 14:40:30,2020-12-20 14:40:30
390,9003,860.60,2020-12-31 14:40:30,2021-01-04 14:40:30
391,7697,795.68,2022-09-01 14:40:30,2022-09-06 14:40:30
391,19692,652.25,2022-08-30 14:40:30,2022-08-31 14:40:30
391,9079,579.35,2022-10-04 14:40:30,2022-10-09 14:40:30
392,18593,380.19,2021-11-20 14:40:30,2021-11-20 14:40:30
392,12865,267.94,2021-10-21 14:40:30,2021-10-21 14:40:30
393,7082,303.64,2019-09-28 14:40:30,2019-09-28 14:40:30
393,17882,464.38,2019-10-22 14:40:30,2019-10-25 14:40:30
393,18646,814.31,2019-09-30 14:40:30,2019-10-01 14:40:30
394,3821,561.35,2017-11-13 14:40:30,2017-11-13 14:40:30
394,10043,169.07,2017-11-09 14:40:30,2017-11-14 14:40:30
394,1427,858.43,2017-10-26 14:40:30,2017-10-29 14:40:30
395,10637,537.73,2018-12-23 14:40:30,2018-12-27 14:40:30
395,9609,939.94,2018-12-13 14:40:30,2018-12-17 14:40:30
395,17134,390.21,2018-12-06 14:40:30,2018-12-09 14:40:30
395,2837,257.91,2018-12-24 14:40:30,2018-12-24 14:40:30
395,19322,841.13,2018-12-06 14:40:30,2018-12-06 14:40:30
396,5417,132.51,2024-03-23 14:40:30,2024-03-25 14:40:30
396,11465,592.97,2024-03-23 14:40:30,2024-03-27 14:40:30
396,3332,539.62,2024-03-17 14:40:30,2024-03-18 14:40:30
397,5256,917.76,2022-02-21 14:40:30,2022-02-26 14:40:30
397,17214,699.93,2022-02-20 14:40:30,2022-02-21 14:40:30
397,222,203.24,2022-03-09 14:40:30,2022-03-14 14:40:30
397,8788,918.04,2022-03-09 14:40:30,2022-03-12 14:40:30
398,17525,321.26,2025-04-06 14:40:30,2025-04-09 14:40:30
398,8773,437.05,2025-04-08 14:40:30,2025-04-13 14:40:30
398,4000,149.14,2025-03-30 14:40:30,2025-04-03 14:40:30
399,803,780.36,2018-07-01 14:40:30,2018-07-05 14:40:30
399,3675,434.20,2018-06-09 14:40:30,2018-06-09 14:40:30
399,17133,773.10,2018-05-29 14:40:30,2018-06-02 14:40:30
399,2949,167.87,2018-06-16 14:40:30,2018-06-21 14:40:30
399,16059,815.22,2018-06-22 14:40:30,2018-06-23 14:40:30
400,12272,130.02,2016-12-26 14:40:30,2016-12-27 14:40:30
400,11030,371.17,2016-12-23 14:40:30,2016-12-24 14:40:30
400,18239,324.28,2017-01-03 14:40:30,2017-01-04 14:40:30
400,19806,487.02,2016-12-11 14:40:30,2016-12-16 14:40:30
400,12214,311.15,2016-12-14 14:40:30,2016-12-15 14:40:30
401,9987,794.25,2019-10-03 14:40:30,2019-10-05 14:40:30
401,6433,846.98,2019-09-26 14:40:30,2019-10-01 14:40:30
401,18402,289.62,2019-10-14 14:40:30,2019-10-16 14:40:30
401,8106,475.94,2019-10-08 14:40:30,2019-10-10 14:40:30
402,8988,727.60,2017-06-17 14:40:30,2017-06-21 14:40:30
402,1075,214.01,2017-06-12 14:40:30,2017-06-17 14:40:30
402,1492,951.66,2017-05-26 14:40:30,2017-05-28 14:40:30
403,5894,753.55,2025-04-29 14:40:30,2025-05-03 14:40:30
403,11226,980.06,2025-03-23 14:40:30,2025-03-26 14:40:30
404,13304,505.95,2016-03-26 14:40:30,2016-03-31 14:40:30
404,4305,728.02,2016-03-17 14:40:30,2016-03-19 14:40:30
405,1016,540.32,2023-12-11 14:40:30,2023-12-15 14:40:30
405,57,956.26,2023-11-11 14:40:30,2023-11-12 14:40:30
405,15955,169.65,2023-11-17 14:40:30,2023-11-19 14:40:30
405,18615,242.59,2023-11-10 14:40:30,2023-11-12 14:40:30
406,19247,266.04,2015-12-24 14:40:30,2015-12-26 14:40:30
406,13850,463.38,2015-12-31 14:40:30,2016-01-01 14:40:30
407,15774,901.91,2020-01-26 14:40:30,2020-01-31 14:40:30
407,8949,643.44,2020-02-06 14:40:30,2020-02-09 14:40:30
407,18191,949.31,2020-02-01 14:40:30,2020-02-06 14:40:30
407,9193,156.49,2020-01-31 14:40:30,2020-01-31 14:40:30
407,8068,594.34,2020-02-22 14:40:30,2020-02-26 14:40:30
408,13683,631.79,2016-09-11 14:40:30,2016-09-15 14:40:30
408,15025,630.15,2016-09-12 14:40:30,2016-09-15 14:40:30
409,1079,297.33,2024-12-16 14:40:30,2024-12-20 14:40:30
409,12455,301.27,2025-01-07 14:40:30,2025-01-10 14:40:30
409,119,730.40,2025-01-01 14:40:30,2025-01-03 14:40:30
410,5041,129.99,2020-07-09 14:40:30,2020-07-13 14:40:30
410,4479,411.49,2020-07-01 14:40:30,2020-07-05 14:40:30
410,1393,358.44,2020-06-29 14:40:30,2020-07-03 14:40:30
410,16438,860.17,2020-07-08 14:40:30,2020-07-13 14:40:30
410,5274,479.88,2020-06-18 14:40:30,2020-06-20 14:40:30
411,14385,779.23,2018-03-22 14:40:30,2018-03-25 14:40:30
411,6108,551.70,2018-03-21 14:40:30,2018-03-23 14:40:30
411,6126,950.29,2018-02-23 14:40:30,2018-02-25 14:40:30
411,4683,562.09,2018-02-15 14:40:30,2018-02-15 14:40:30
411,9912,663.93,2018-03-05 14:40:30,2018-03-05 14:40:30
412,5659,459.56,2022-08-18 14:40:30,2022-08-20 14:40:30
412,6790,337.52,2022-08-15 14:40:30,2022-08-18 14:40:30
413,1749,367.60,2016-09-23 14:40:30,2016-09-26 14:40:30
413,3381,435.32,2016-09-20 14:40:30,2016-09-21 14:40:30
413,6405,543.80,2016-09-20 14:40:30,2016-09-21 14:40:30
413,3839,917.87,2016-09-17 14:40:30,2016-09-22 14:40:30
413,4871,724.09,2016-08-17 14:40:30,2016-08-18 14:40:30
414,19818,933.17,2024-07-07 14:40:30,2024-07-11 14:40:30
414,9445,859.69,2024-06-24 14:40:30,2024-06-24 14:40:30
414,882,393.38,2024-07-16 14:40:30,2024-07-18 14:40:30
415,9949,747.56,2024-04-10 14:40:30,2024-04-15 14:40:30
415,11537,916.70,2024-04-13 14:40:30,2024-04-13 14:40:30
415,13301,181.23,2024-05-01 14:40:30,2024-05-02 14:40:30
415,12526,775.88,2024-04-18 14:40:30,2024-04-23 14:40:30
416,11892,269.78,2017-11-18 14:40:30,2017-11-20 14:40:30
416,16971,916.05,2017-12-04 14:40:30,2017-12-09 14:40:30
416,12875,796.95,2017-11-06 14:40:30,2017-11-07 14:40:30
417,19174,110.38,2024-08-17 14:40:30,2024-08-19 14:40:30
417,3867,121.47,2024-08-01 14:40:30,2024-08-03 14:40:30
417,14999,167.39,2024-09-08 14:40:30,2024-09-08 14:40:30
417,10032,639.76,2024-08-18 14:40:30,2024-08-22 14:40:30
417,2396,970.80,2024-08-07 14:40:30,2024-08-11 14:40:30
418,15804,248.05,2018-07-13 14:40:30,2018-07-13 14:40:30
418,851,885.10,2018-07-05 14:40:30,2018-07-05 14:40:30
418,8866,560.09,2018-07-07 14:40:30,2018-07-07 14:40:30
418,9180,462.61,2018-07-07 14:40:30,2018-07-08 14:40:30
419,1663,768.91,2025-02-28 14:40:30,2025-02-28 14:40:30
419,2041,190.85,2025-03-28 14:40:30,2025-03-30 14:40:30
420,4374,172.35,2015-12-17 14:40:30,2015-12-18 14:40:30
420,9716,402.38,2015-12-21 14:40:30,2015-12-21 14:40:30
420,9659,423.19,2015-12-30 14:40:30,2016-01-02 14:40:30
421,16081,413.23,2024-08-28 14:40:30,2024-08-31 14:40:30
421,2995,461.03,2024-08-26 14:40:30,2024-08-29 14:40:30
421,7132,122.35,2024-08-02 14:40:30,2024-08-04 14:40:30
421,13644,650.07,2024-08-24 14:40:30,2024-08-28 14:40:30
422,3347,449.13,2016-04-25 14:40:30,2016-04-27 14:40:30
422,17605,480.05,2016-05-19 14:40:30,2016-05-24 14:40:30
422,9884,811.74,2016-04-27 14:40:30,2016-05-01 14:40:30
423,2593,228.24,2019-07-02 14:40:30,2019-07-07 14:40:30
423,16254,974.75,2019-06-06 14:40:30,2019-06-11 14:40:30
423,15689,266.28,2019-06-17 14:40:30,2019-06-17 14:40:30
423,5277,362.13,2019-07-12 14:40:30,2019-07-17 14:40:30
423,12510,238.34,2019-07-10 14:40:30,2019-07-13 14:40:30
424,18532,946.06,2016-01-28 14:40:30,2016-01-31 14:40:30
424,2278,142.53,2016-02-03 14:40:30,2016-02-07 14:40:30
424,9239,264.31,2015-12-25 14:40:30,2015-12-26 14:40:30
424,3924,992.28,2015-12-27 14:40:30,2015-12-31 14:40:30
424,2993,585.47,2015-12-30 14:40:30,2016-01-01 14:40:30
425,17258,181.56,2019-10-09 14:40:30,2019-10-14 14:40:30
425,19014,315.03,2019-11-11 14:40:30,2019-11-14 14:40:30
425,17510,822.07,2019-10-20 14:40:30,2019-10-22 14:40:30
425,5624,284.90,2019-10-05 14:40:30,2019-10-05 14:40:30
426,4498,217.46,2017-05-17 14:40:30,2017-05-19 14:40:30
426,1258,777.36,2017-05-24 14:40:30,2017-05-24 14:40:30
426,4896,196.64,2017-05-14 14:40:30,2017-05-18 14:40:30
426,19619,862.34,2017-04-25 14:40:30,2017-04-29 14:40:30
427,8185,881.81,2021-12-18 14:40:30,2021-12-21 14:40:30
427,5027,210.56,2021-12-06 14:40:30,2021-12-11 14:40:30
427,2708,420.29,2021-12-14 14:40:30,2021-12-15 14:40:30
427,6363,679.96,2021-11-28 14:40:30,2021-11-29 14:40:30
427,17768,811.73,2021-12-29 14:40:30,2022-01-01 14:40:30
428,10512,767.26,2023-11-30 14:40:30,2023-12-05 14:40:30
428,10455,719.49,2023-11-17 14:40:30,2023-11-21 14:40:30
428,17736,381.93,2023-11-28 14:40:30,2023-11-29 14:40:30
429,13704,790.58,2024-02-04 14:40:30,2024-02-06 14:40:30
429,4688,302.99,2024-02-08 14:40:30,2024-02-09 14:40:30
429,16569,643.58,2024-02-14 14:40:30,2024-02-19 14:40:30
430,2908,865.12,2022-02-28 14:40:30,2022-02-28 14:40:30
430,8866,854.98,2022-02-14 14:40:30,2022-02-15 14:40:30
430,11393,640.54,2022-02-24 14:40:30,2022-02-28 14:40:30
430,11321,198.64,2022-02-09 14:40:30,2022-02-13 14:40:30
431,14413,861.83,2019-07-06 14:40:30,2019-07-11 14:40:30
431,11648,278.37,2019-07-30 14:40:30,2019-07-30 14:40:30
432,16530,972.47,2018-09-30 14:40:30,2018-10-03 14:40:30
432,17195,653.34,2018-09-30 14:40:30,2018-10-01 14:40:30
432,14062,618.75,2018-09-22 14:40:30,2018-09-27 14:40:30
432,9756,227.10,2018-10-05 14:40:30,2018-10-06 14:40:30
433,10,570.72,2017-02-11 14:40:30,2017-02-16 14:40:30
433,2529,171.91,2017-02-14 14:40:30,2017-02-15 14:40:30
434,17800,114.60,2021-02-18 14:40:30,2021-02-23 14:40:30
434,8764,962.13,2021-03-02 14:40:30,2021-03-02 14:40:30
434,18119,602.26,2021-02-23 14:40:30,2021-02-27 14:40:30
434,5149,801.65,2021-02-27 14:40:30,2021-03-02 14:40:30
434,11853,185.70,2021-03-09 14:40:30,2021-03-14 14:40:30
435,14375,900.17,2025-03-17 14:40:30,2025-03-19 14:40:30
435,15092,742.09,2025-03-20 14:40:30,2025-03-20 14:40:30
436,4336,207.31,2024-10-14 14:40:30,2024-10-14 14:40:30
436,310,156.35,2024-10-11 14:40:30,2024-10-16 14:40:30
436,14895,233.89,2024-11-01 14:40:30,2024-11-05 14:40:30
436,1140,534.76,2024-11-09 14:40:30,2024-11-09 14:40:30
436,19000,320.49,2024-11-03 14:40:30,2024-11-03 14:40:30
437,5439,827.04,2019-08-29 14:40:30,2019-09-03 14:40:30
437,16280,452.27,2019-07-30 14:40:30,2019-08-04 14:40:30
438,19785,453.67,2022-04-02 14:40:30,2022-04-02 14:40:30
438,14700,583.74,2022-04-08 14:40:30,2022-04-11 14:40:30
438,6170,288.30,2022-03-26 14:40:30,2022-03-27 14:40:30
438,8799,470.78,2022-03-14 14:40:30,2022-03-14 14:40:30
439,9418,123.71,2016-06-22 14:40:30,2016-06-27 14:40:30
439,8212,462.14,2016-06-09 14:40:30,2016-06-11 14:40:30
439,2417,753.55,2016-06-01 14:40:30,2016-06-04 14:40:30
439,7552,420.71,2016-05-17 14:40:30,2016-05-22 14:40:30
440,210,121.64,2018-10-26 14:40:30,2018-10-31 14:40:30
440,5389,946.37,2018-11-04 14:40:30,2018-11-08 14:40:30
440,4623,527.94,2018-11-09 14:40:30,2018-11-14 14:40:30
441,816,364.01,2016-04-18 14:40:30,2016-04-23 14:40:30
441,7477,472.79,2016-04-11 14:40:30,2016-04-12 14:40:30
441,5750,478.51,2016-04-11 14:40:30,2016-04-14 14:40:30
441,9385,239.58,2016-04-06 14:40:30,2016-04-11 14:40:30
442,12451,337.19,2017-01-01 14:40:30,2017-01-03 14:40:30
442,4945,638.97,2016-12-08 14:40:30,2016-12-10 14:40:30
442,16303,531.93,2016-12-24 14:40:30,2016-12-28 14:40:30
442,10741,372.72,2017-01-01 14:40:30,2017-01-05 14:40:30
442,11475,118.54,2017-01-07 14:40:30,2017-01-11 14:40:30
443,15752,464.19,2016-12-10 14:40:30,2016-12-14 14:40:30
443,5133,345.32,2016-12-24 14:40:30,2016-12-28 14:40:30
443,2990,182.10,2016-12-06 14:40:30,2016-12-08 14:40:30
443,7615,307.98,2016-12-16 14:40:30,2016-12-17 14:40:30
444,15296,847.05,2022-09-14 14:40:30,2022-09-15 14:40:30
444,17720,500.40,2022-09-16 14:40:30,2022-09-16 14:40:30
444,11471,290.53,2022-10-02 14:40:30,2022-10-02 14:40:30
444,6301,158.18,2022-09-14 14:40:30,2022-09-19 14:40:30
444,6809,293.97,2022-10-04 14:40:30,2022-10-06 14:40:30
445,2386,566.96,2020-11-24 14:40:30,2020-11-28 14:40:30
445,4054,529.54,2020-10-24 14:40:30,2020-10-28 14:40:30
445,11646,623.27,2020-10-22 14:40:30,2020-10-26 14:40:30
446,14779,272.52,2018-07-11 14:40:30,2018-07-16 14:40:30
446,15630,757.90,2018-07-07 14:40:30,2018-07-12 14:40:30
446,12744,912.62,2018-07-10 14:40:30,2018-07-13 14:40:30
446,8016,120.27,2018-06-16 14:40:30,2018-06-19 14:40:30
446,14264,327.93,2018-07-23 14:40:30,2018-07-24 14:40:30
447,7160,258.34,2021-09-13 14:40:30,2021-09-17 14:40:30
447,5189,916.15,2021-08-31 14:40:30,2021-09-01 14:40:30
447,4295,119.36,2021-09-12 14:40:30,2021-09-15 14:40:30
447,561,661.22,2021-08-25 14:40:30,2021-08-29 14:40:30
447,12694,118.76,2021-09-20 14:40:30,2021-09-20 14:40:30
448,18597,360.19,2019-11-07 14:40:30,2019-11-09 14:40:30
448,8016,673.16,2019-11-18 14:40:30,2019-11-21 14:40:30
449,16277,686.93,2019-03-07 14:40:30,2019-03-12 14:40:30
449,5901,331.37,2019-03-21 14:40:30,2019-03-21 14:40:30
449,16586,853.48,2019-03-09 14:40:30,2019-03-11 14:40:30
449,15318,595.24,2019-03-26 14:40:30,2019-03-26 14:40:30
449,6649,851.94,2019-03-22 14:40:30,2019-03-23 14:40:30
450,5474,878.12,2024-01-25 14:40:30,2024-01-27 14:40:30
450,4371,372.40,2024-01-23 14:40:30,2024-01-28 14:40:30
450,17608,283.63,2024-02-12 14:40:30,2024-02-16 14:40:30
450,18538,673.58,2024-01-17 14:40:30,2024-01-17 14:40:30
450,1482,246.08,2024-01-08 14:40:30,2024-01-12 14:40:30
451,181,119.39,2020-07-15 14:40:30,2020-07-20 14:40:30
451,7151,678.54,2020-08-07 14:40:30,2020-08-12 14:40:30
451,15144,757.50,2020-07-29 14:40:30,2020-07-30 14:40:30
452,4651,937.16,2023-12-20 14:40:30,2023-12-21 14:40:30
452,17279,684.57,2023-12-16 14:40:30,2023-12-19 14:40:30
452,8312,857.39,2023-12-22 14:40:30,2023-12-26 14:40:30
453,508,156.83,2018-08-06 14:40:30,2018-08-07 14:40:30
453,10100,846.35,2018-08-02 14:40:30,2018-08-03 14:40:30
454,13691,840.80,2020-06-02 14:40:30,2020-06-07 14:40:30
454,17846,768.77,2020-05-21 14:40:30,2020-05-23 14:40:30
454,2039,287.47,2020-05-27 14:40:30,2020-06-01 14:40:30
454,17603,635.77,2020-05-22 14:40:30,2020-05-23 14:40:30
455,14646,756.86,2022-02-25 14:40:30,2022-02-26 14:40:30
455,19206,665.43,2022-02-26 14:40:30,2022-02-27 14:40:30
455,8451,935.78,2022-02-13 14:40:30,2022-02-16 14:40:30
456,18696,588.88,2019-11-19 14:40:30,2019-11-20 14:40:30
456,5080,741.68,2019-11-21 14:40:30,2019-11-21 14:40:30
456,7724,760.99,2019-11-05 14:40:30,2019-11-05 14:40:30
456,18560,146.81,2019-10-18 14:40:30,2019-10-23 14:40:30
457,1750,266.89,2020-05-08 14:40:30,2020-05-10 14:40:30
457,18752,822.60,2020-05-03 14:40:30,2020-05-04 14:40:30
457,8717,119.07,2020-05-05 14:40:30,2020-05-06 14:40:30
458,15755,963.97,2023-06-26 14:40:30,2023-07-01 14:40:30
458,682,784.58,2023-06-29 14:40:30,2023-06-30 14:40:30
458,18102,765.42,2023-06-21 14:40:30,2023-06-21 14:40:30
458,4237,321.04,2023-07-07 14:40:30,2023-07-12 14:40:30
459,2405,491.26,2019-06-22 14:40:30,2019-06-24 14:40:30
459,15584,405.82,2019-07-08 14:40:30,2019-07-10 14:40:30
460,19190,364.17,2018-12-25 14:40:30,2018-12-25 14:40:30
460,13785,165.42,2018-12-03 14:40:30,2018-12-08 14:40:30
460,15480,775.55,2018-11-27 14:40:30,2018-12-02 14:40:30
460,9380,565.00,2018-12-22 14:40:30,2018-12-22 14:40:30
460,3632,241.38,2018-12-27 14:40:30,2019-01-01 14:40:30
461,16665,106.23,2020-09-05 14:40:30,2020-09-08 14:40:30
461,11615,327.36,2020-09-20 14:40:30,2020-09-24 14:40:30
462,16334,868.36,2016-02-17 14:40:30,2016-02-19 14:40:30
462,2209,134.78,2016-02-19 14:40:30,2016-02-23 14:40:30
463,10578,323.25,2024-03-31 14:40:30,2024-04-04 14:40:30
463,15177,668.69,2024-03-25 14:40:30,2024-03-25 14:40:30
464,17904,176.69,2018-01-27 14:40:30,2018-01-27 14:40:30
464,9013,637.66,2018-02-06 14:40:30,2018-02-07 14:40:30
464,15759,379.59,2018-01-28 14:40:30,2018-02-02 14:40:30
465,12109,114.13,2017-12-01 14:40:30,2017-12-04 14:40:30
465,15236,868.38,2017-12-13 14:40:30,2017-12-14 14:40:30
466,2672,323.97,2016-02-07 14:40:30,2016-02-09 14:40:30
466,1020,181.64,2016-01-20 14:40:30,2016-01-23 14:40:30
467,14072,715.66,2020-11-09 14:40:30,2020-11-09 14:40:30
467,11180,487.12,2020-10-16 14:40:30,2020-10-17 14:40:30
468,14750,721.04,2025-02-08 14:40:30,2025-02-13 14:40:30
468,8901,421.16,2025-03-05 14:40:30,2025-03-06 14:40:30
468,18623,918.11,2025-02-21 14:40:30,2025-02-23 14:40:30
468,8217,260.13,2025-03-04 14:40:30,2025-03-07 14:40:30
469,7946,306.25,2022-02-17 14:40:30,2022-02-17 14:40:30
469,5738,270.03,2022-02-19 14:40:30,2022-02-24 14:40:30
469,11736,836.56,2022-02-25 14:40:30,2022-03-01 14:40:30
470,4039,453.32,2020-02-04 14:40:30,2020-02-07 14:40:30
470,8937,722.11,2020-02-04 14:40:30,2020-02-07 14:40:30
470,13911,664.28,2020-02-04 14:40:30,2020-02-08 14:40:30
470,8550,966.21,2020-03-04 14:40:30,2020-03-09 14:40:30
471,7339,301.89,2017-10-19 14:40:30,2017-10-24 14:40:30
471,16494,584.07,2017-10-26 14:40:30,2017-10-27 14:40:30
471,4363,362.50,2017-10-31 14:40:30,2017-11-04 14:40:30
471,1899,188.12,2017-10-30 14:40:30,2017-10-31 14:40:30
472,17116,615.45,2019-11-04 14:40:30,2019-11-07 14:40:30
472,19764,259.55,2019-12-04 14:40:30,2019-12-08 14:40:30
472,9566,452.94,2019-11-03 14:40:30,2019-11-05 14:40:30
473,13069,140.55,2021-06-17 14:40:30,2021-06-21 14:40:30
473,370,659.81,2021-07-03 14:40:30,2021-07-07 14:40:30
473,1271,474.22,2021-06-24 14:40:30,2021-06-24 14:40:30
473,9454,644.07,2021-05-31 14:40:30,2021-06-03 14:40:30
474,7717,348.12,2022-11-25 14:40:30,2022-11-25 14:40:30
474,14383,733.15,2022-11-27 14:40:30,2022-12-02 14:40:30
475,4550,501.85,2018-09-21 14:40:30,2018-09-24 14:40:30
475,2990,725.78,2018-10-01 14:40:30,2018-10-01 14:40:30
475,12590,528.53,2018-10-05 14:40:30,2018-10-06 14:40:30
475,3910,216.87,2018-10-02 14:40:30,2018-10-05 14:40:30
475,2388,329.40,2018-09-18 14:40:30,2018-09-21 14:40:30
476,14117,977.31,2021-07-18 14:40:30,2021-07-21 14:40:30
476,7899,627.47,2021-07-23 14:40:30,2021-07-25 14:40:30
476,16810,756.10,2021-07-04 14:40:30,2021-07-07 14:40:30
477,228,406.00,2017-05-28 14:40:30,2017-06-01 14:40:30
477,1424,455.28,2017-05-24 14:40:30,2017-05-26 14:40:30
477,713,653.88,2017-06-18 14:40:30,2017-06-22 14:40:30
478,18515,496.79,2020-03-11 14:40:30,2020-03-16 14:40:30
478,13688,719.82,2020-03-08 14:40:30,2020-03-10 14:40:30
478,4658,525.09,2020-03-21 14:40:30,2020-03-22 14:40:30
478,2686,389.31,2020-03-20 14:40:30,2020-03-23 14:40:30
478,2956,453.94,2020-03-18 14:40:30,2020-03-18 14:40:30
479,2241,290.80,2023-09-09 14:40:30,2023-09-13 14:40:30
479,14302,238.55,2023-09-19 14:40:30,2023-09-21 14:40:30
480,2166,203.16,2017-06-01 14:40:30,2017-06-01 14:40:30
480,7715,749.32,2017-05-16 14:40:30,2017-05-20 14:40:30
480,10199,896.51,2017-06-13 14:40:30,2017-06-13 14:40:30
480,7720,806.14,2017-06-19 14:40:30,2017-06-21 14:40:30
481,1729,104.16,2018-05-22 14:40:30,2018-05-25 14:40:30
481,15927,575.23,2018-05-23 14:40:30,2018-05-25 14:40:30
482,17447,837.44,2018-03-15 14:40:30,2018-03-15 14:40:30
482,14383,198.43,2018-03-25 14:40:30,2018-03-30 14:40:30
482,11211,170.29,2018-03-02 14:40:30,2018-03-06 14:40:30
483,1592,797.12,2025-05-28 14:40:30,2025-05-31 14:40:30
483,5032,975.64,2025-05-21 14:40:30,2025-05-23 14:40:30
484,8128,957.68,2025-09-12 14:40:30,2025-09-16 14:40:30
484,1653,925.48,2025-09-14 14:40:30,2025-09-16 14:40:30
484,8176,261.53,2025-10-14 14:40:30,2025-10-17 14:40:30
485,9402,553.28,2016-06-01 14:40:30,2016-06-04 14:40:30
485,13661,961.85,2016-05-18 14:40:30,2016-05-22 14:40:30
485,8713,966.01,2016-05-05 14:40:30,2016-05-07 14:40:30
485,3651,744.22,2016-06-11 14:40:30,2016-06-12 14:40:30
486,8216,152.68,2019-04-24 14:40:30,2019-04-25 14:40:30
486,15939,230.71,2019-05-03 14:40:30,2019-05-07 14:40:30
487,12280,250.60,2022-12-10 14:40:30,2022-12-15 14:40:30
487,1525,808.84,2022-12-26 14:40:30,2022-12-31 14:40:30
488,207,900.88,2024-05-27 14:40:30,2024-05-30 14:40:30
488,2767,880.31,2024-05-18 14:40:30,2024-05-20 14:40:30
488,13807,298.98,2024-05-06 14:40:30,2024-05-08 14:40:30
489,11838,736.16,2020-06-15 14:40:30,2020-06-16 14:40:30
489,13273,302.94,2020-05-20 14:40:30,2020-05-22 14:40:30
489,3553,472.03,2020-05-29 14:40:30,2020-06-02 14:40:30
489,10864,616.54,2020-05-16 14:40:30,2020-05-21 14:40:30
489,6852,979.65,2020-06-22 14:40:30,2020-06-23 14:40:30
490,13082,341.40,2017-11-10 14:40:30,2017-11-15 14:40:30
490,17172,925.94,2017-10-28 14:40:30,2017-11-01 14:40:30
490,4042,482.23,2017-11-06 14:40:30,2017-11-10 14:40:30
491,682,830.13,2023-07-08 14:40:30,2023-07-10 14:40:30
491,1271,689.48,2023-06-27 14:40:30,2023-07-01 14:40:30
491,6168,540.95,2023-06-12 14:40:30,2023-06-15 14:40:30
492,7271,700.28,2017-03-20 14:40:30,2017-03-21 14:40:30
492,9320,977.83,2017-04-18 14:40:30,2017-04-21 14:40:30
492,18225,538.10,2017-04-06 14:40:30,2017-04-08 14:40:30
492,13326,531.77,2017-03-28 14:40:30,2017-03-31 14:40:30
492,14729,194.88,2017-03-23 14:40:30,2017-03-28 14:40:30
493,318,641.95,2025-02-26 14:40:30,2025-02-28 14:40:30
493,6653,827.10,2025-02-05 14:40:30,2025-02-06 14:40:30
493,15888,644.69,2025-01-24 14:40:30,2025-01-26 14:40:30
494,17938,364.49,2025-09-21 14:40:30,2025-09-21 14:40:30
494,16055,485.84,2025-09-26 14:40:30,2025-09-28 14:40:30
495,12586,911.78,2020-05-14 14:40:30,2020-05-15 14:40:30
495,1050,494.87,2020-05-08 14:40:30,2020-05-09 14:40:30
495,7089,965.60,2020-05-14 14:40:30,2020-05-15 14:40:30
495,2403,893.64,2020-05-25 14:40:30,2020-05-25 14:40:30
496,12641,696.16,2021-05-31 14:40:30,2021-06-01 14:40:30
496,9902,666.88,2021-06-05 14:40:30,2021-06-09 14:40:30
496,14139,660.48,2021-06-08 14:40:30,2021-06-09 14:40:30
496,9689,516.57,2021-06-21 14:40:30,2021-06-22 14:40:30
497,1000,762.79,2021-10-24 14:40:30,2021-10-29 14:40:30
497,4170,768.01,2021-11-29 14:40:30,2021-12-01 14:40:30
498,17672,425.81,2016-12-15 14:40:30,2016-12-16 14:40:30
498,12621,789.39,2016-11-13 14:40:30,2016-11-13 14:40:30
499,13738,129.02,2023-08-27 14:40:30,2023-08-28 14:40:30
499,4532,227.48,2023-09-08 14:40:30,2023-09-10 14:40:30
499,7292,789.11,2023-08-27 14:40:30,2023-08-31 14:40:30
499,6258,368.97,2023-09-07 14:40:30,2023-09-09 14:40:30
500,4645,214.87,2016-08-22 14:40:30,2016-08-24 14:40:30
500,16866,398.56,2016-09-01 14:40:30,2016-09-06 14:40:30
500,17195,517.81,2016-09-17 14:40:30,2016-09-19 14:40:30
500,17077,187.71,2016-09-08 14:40:30,2016-09-13 14:40:30
500,14031,645.35,2016-09-05 14:40:30,2016-09-10 14:40:30
